timestamp_s,ue_id,report_idx,dist_3d_m,elevation_angle_deg,rsrp_dbm,rsrq_db,sinr_db,cqi,mcs,prb_allocated,prb_utilisation_pct,dl_throughput_mbps,ul_throughput_mbps,bler,latency_ms
0.0,UE-01,0.0,58.3,0.1,-65.2257,-3.0,24.7181,15.0,28.0,5.0,4.7,5.5618,1.8511,0.0,1.8443
0.5,UE-01,1.0,60.3,14.6,-56.6841,-3.0,28.2942,15.0,28.0,4.0,3.8,4.4124,1.0407,0.0272,1.4641
1.0,UE-01,2.0,65.6,27.3,-56.1314,-3.0,25.0505,15.0,28.0,5.0,4.7,5.1457,1.5007,0.0412,1.7258
1.5,UE-01,3.0,73.7,37.7,-48.2962,-3.0,29.0126,15.0,28.0,5.0,4.7,4.7789,1.7195,0.1069,2.3369
2.0,UE-01,4.0,83.9,46.0,-43.4992,-3.0,29.6818,15.0,28.0,5.0,4.7,4.7797,1.8462,0.1548,1.5274
2.5,UE-01,5.0,83.8,45.9,-44.0418,-3.0,30.0,15.0,28.0,6.0,5.7,6.216,2.1597,0.1259,1.3392
3.0,UE-01,6.0,83.9,46.0,-42.7131,-3.0,30.0,15.0,28.0,6.0,5.7,6.7237,2.3699,0.1878,1.8805
3.5,UE-01,7.0,83.9,45.9,-45.2582,-3.0,28.7957,15.0,28.0,6.0,5.7,5.9997,1.4324,0.1768,1.4909
4.0,UE-01,8.0,84.0,46.1,-48.4137,-3.0,27.0482,15.0,28.0,6.0,5.7,6.2412,1.8698,0.225,1.9586
4.5,UE-01,9.0,83.9,46.0,-40.2002,-3.0,28.9202,15.0,28.0,6.0,5.7,6.2084,1.6355,0.233,1.9447
5.0,UE-01,10.0,83.8,45.9,-47.2728,-3.0,28.4619,15.0,28.0,5.0,4.7,5.4187,1.9785,0.2471,1.9498
5.5,UE-01,11.0,84.1,46.1,-40.8284,-3.0,30.0,15.0,28.0,5.0,4.7,4.9337,1.8787,0.3005,2.1384
6.0,UE-01,12.0,83.7,45.9,-42.8015,-3.0,28.5126,15.0,28.0,6.0,5.7,6.5824,1.6325,0.3118,2.0945
6.5,UE-01,13.0,83.8,45.9,-46.0203,-3.0,29.8068,15.0,28.0,6.0,5.7,5.8999,1.2226,0.3335,2.0124
7.0,UE-01,14.0,84.0,46.0,-43.981,-3.0,30.0,15.0,28.0,5.0,4.7,5.4404,2.281,0.348,2.2206
7.5,UE-01,15.0,83.8,45.9,-44.2709,-3.0,29.6769,15.0,28.0,6.0,5.7,6.5061,1.8755,0.4148,2.1238
8.0,UE-01,16.0,83.6,45.8,-42.7716,-3.0,30.0,15.0,28.0,5.0,4.7,4.8497,1.1478,0.403,2.0579
8.5,UE-01,17.0,73.7,37.7,-46.6618,-3.0,28.4995,15.0,28.0,6.0,5.7,5.8455,1.3504,0.3943,1.8372
9.0,UE-01,18.0,65.6,27.3,-52.6676,-3.0,23.7311,15.0,28.0,5.0,4.7,6.057,1.9458,0.4412,2.1127
9.5,UE-01,19.0,60.3,14.6,-54.4238,-3.0,23.2531,15.0,28.0,5.0,4.7,5.9649,1.8024,0.4418,2.6199
10.0,UE-01,20.0,58.3,0.5,-62.9624,-3.0,21.9654,14.0,27.0,5.0,4.7,4.8829,1.6624,0.7298,2.35
10.5,UE-01,21.0,58.3,0.1,-64.5464,-3.0,25.4225,15.0,28.0,5.0,4.7,5.5627,1.9972,0.527,2.5038
11.0,UE-01,22.0,60.3,14.6,-54.4645,-3.0,27.7657,15.0,28.0,4.0,3.8,4.9214,1.6166,0.5248,2.2728
11.5,UE-01,23.0,65.6,27.3,-53.9228,-3.0,26.219,15.0,28.0,5.0,4.7,4.9966,1.7776,0.5823,2.8702
12.0,UE-01,24.0,73.7,37.7,-48.8856,-3.0,27.9454,15.0,28.0,5.0,4.7,5.6899,2.1033,0.5756,2.8704
12.5,UE-01,25.0,83.9,46.0,-41.5509,-3.0,30.0,15.0,28.0,5.0,4.7,6.0691,2.0506,0.5998,2.1294
13.0,UE-01,26.0,83.8,45.9,-43.7974,-3.0,29.5442,15.0,28.0,6.0,5.7,6.6698,2.0827,0.6246,2.014
13.5,UE-01,27.0,83.9,46.0,-44.4253,-3.0,30.0,15.0,28.0,6.0,5.7,6.7797,2.7213,0.6658,2.5398
14.0,UE-01,28.0,83.9,45.9,-44.8784,-3.0,28.646,15.0,28.0,6.0,5.7,7.3002,1.8022,0.6333,2.2186
14.5,UE-01,29.0,84.0,46.1,-45.9435,-3.0,28.7375,15.0,28.0,6.0,5.7,5.6099,2.0128,0.6612,2.3969
15.0,UE-01,30.0,83.9,46.0,-39.3885,-3.0,28.7437,15.0,28.0,6.0,5.7,7.3061,2.1601,0.6598,2.1555
15.5,UE-01,31.0,83.8,45.9,-45.5138,-3.0,30.0,15.0,28.0,5.0,4.7,5.8652,2.0811,0.7179,2.2798
16.0,UE-01,32.0,84.1,46.1,-41.1198,-3.0,29.5105,15.0,28.0,5.0,4.7,5.6809,2.4991,0.7118,2.5015
16.5,UE-01,33.0,83.7,45.9,-45.8668,-3.0,29.4114,15.0,28.0,6.0,5.7,7.0455,1.9496,0.7379,2.6212
17.0,UE-01,34.0,83.8,45.9,-44.0254,-3.0,30.0,15.0,28.0,6.0,5.7,6.2349,2.208,0.7039,2.6975
17.5,UE-01,35.0,84.0,46.0,-41.8989,-3.0,29.9727,15.0,28.0,5.0,4.7,6.2568,2.2289,0.7199,2.4953
18.0,UE-01,36.0,83.8,45.9,-43.807,-3.0,30.0,15.0,28.0,6.0,5.7,6.5732,1.9851,0.7627,2.2955
18.5,UE-01,37.0,83.6,45.8,-45.7071,-3.0,30.0,15.0,28.0,5.0,4.7,5.8708,1.8781,0.7798,2.4046
19.0,UE-01,38.0,73.7,37.7,-45.0272,-3.0,30.0,15.0,28.0,6.0,5.7,7.1298,2.2346,0.7526,2.3432
19.5,UE-01,39.0,65.6,27.3,-51.2835,-3.0,25.1142,15.0,28.0,5.0,4.7,5.5768,2.5322,0.7725,3.2183
20.0,UE-01,40.0,60.3,14.6,-52.7385,-3.0,24.8527,15.0,28.0,5.0,4.7,4.0838,2.4707,0.8116,2.7008
20.5,UE-01,41.0,58.3,0.5,-61.7958,-3.0,23.2292,14.0,27.0,5.0,4.7,5.229,2.2923,1.0,3.3282
21.0,UE-01,42.0,58.3,0.1,-63.8124,-3.0,24.6315,15.0,28.0,5.0,4.7,5.732,2.573,0.7983,2.6476
21.5,UE-01,43.0,60.3,14.6,-55.9871,-3.0,30.0,15.0,28.0,4.0,3.8,4.8814,2.0323,0.7884,2.1108
22.0,UE-01,44.0,65.6,27.3,-55.6055,-3.0,25.9157,15.0,28.0,5.0,4.7,5.609,2.3913,0.7948,3.1324
22.5,UE-01,45.0,73.7,37.7,-47.5912,-3.0,29.1473,15.0,28.0,5.0,4.7,5.1321,2.6682,0.8066,3.1378
23.0,UE-01,46.0,83.9,46.0,-43.4133,-3.0,30.0,15.0,28.0,5.0,4.7,5.3495,2.6495,0.7869,2.4626
23.5,UE-01,47.0,83.8,45.9,-44.9978,-3.0,30.0,15.0,28.0,6.0,5.7,6.6645,1.83,0.7987,2.3235
24.0,UE-01,48.0,83.9,46.0,-43.7722,-3.0,30.0,15.0,28.0,6.0,5.7,7.4835,3.1132,0.8072,2.3886
24.5,UE-01,49.0,83.9,45.9,-38.5105,-3.0,29.1676,15.0,28.0,6.0,5.7,6.4732,1.6436,0.7791,2.3257
25.0,UE-01,50.0,84.0,46.1,-43.9711,-3.0,27.9559,15.0,28.0,6.0,5.7,6.2271,2.4474,0.8226,2.6769
25.5,UE-01,51.0,83.9,46.0,-42.5375,-3.0,30.0,15.0,28.0,6.0,5.7,6.6729,1.9437,0.8166,2.5694
26.0,UE-01,52.0,83.8,45.9,-46.2157,-3.0,30.0,15.0,28.0,5.0,4.7,6.5265,2.0374,0.7955,2.4957
26.5,UE-01,53.0,84.1,46.1,-41.1685,-3.0,29.5448,15.0,28.0,5.0,4.7,6.8088,2.4397,0.7606,2.6134
27.0,UE-01,54.0,83.7,45.9,-45.0645,-3.0,29.6893,15.0,28.0,6.0,5.7,6.5723,2.0518,0.8166,2.9512
27.5,UE-01,55.0,83.8,45.9,-44.4223,-3.0,28.436,15.0,28.0,6.0,5.7,6.8011,1.8069,0.7928,2.3163
28.0,UE-01,56.0,84.0,46.0,-43.7847,-3.0,28.4071,15.0,28.0,5.0,4.7,6.8111,2.8587,0.7932,2.4313
28.5,UE-01,57.0,83.8,45.9,-45.3035,-3.0,29.5205,15.0,28.0,6.0,5.7,6.6452,2.3259,0.7834,2.0008
29.0,UE-01,58.0,83.6,45.8,-45.6709,-3.0,30.0,15.0,28.0,5.0,4.7,6.4554,1.483,0.7782,2.448
29.5,UE-01,59.0,73.7,37.7,-45.579,-3.0,30.0,15.0,28.0,6.0,5.7,6.2612,2.2251,0.7451,2.0703
30.0,UE-01,60.0,65.6,27.3,-52.3469,-3.0,25.0876,15.0,28.0,5.0,4.7,5.9072,1.927,0.717,2.8737
30.5,UE-01,61.0,60.3,14.6,-54.9267,-3.0,24.2198,15.0,28.0,5.0,4.7,5.1319,2.2921,0.7011,2.2795
31.0,UE-01,62.0,58.3,0.5,-62.1459,-3.0,21.4014,14.0,27.0,5.0,4.7,5.404,1.9951,0.9505,2.8364
31.5,UE-01,63.0,58.3,0.1,-60.8042,-3.0,25.849,15.0,28.0,5.0,4.7,6.2632,2.2947,0.7049,2.9168
32.0,UE-01,64.0,60.3,14.6,-57.1791,-3.0,25.7441,15.0,28.0,4.0,3.8,4.8138,1.7072,0.6699,2.0432
32.5,UE-01,65.0,65.6,27.3,-55.0809,-3.0,26.7256,15.0,28.0,5.0,4.7,6.282,2.2201,0.6301,2.7281
33.0,UE-01,66.0,73.7,37.7,-46.7229,-3.0,29.6102,15.0,28.0,5.0,4.7,6.3064,2.4195,0.6287,2.6737
33.5,UE-01,67.0,83.9,46.0,-44.9983,-3.0,30.0,15.0,28.0,5.0,4.7,5.7996,2.2345,0.6059,2.2055
34.0,UE-01,68.0,83.8,45.9,-46.9435,-3.0,30.0,15.0,28.0,6.0,5.7,7.0122,1.9194,0.6017,2.244
34.5,UE-01,69.0,83.9,46.0,-44.402,-3.0,29.4307,15.0,28.0,6.0,5.7,6.7057,2.5461,0.5964,2.3858
35.0,UE-01,70.0,83.9,45.9,-41.412,-3.0,28.8397,15.0,28.0,6.0,5.7,6.1512,1.7662,0.6044,1.9059
35.5,UE-01,71.0,84.0,46.1,-45.7098,-3.0,27.3555,15.0,28.0,6.0,5.7,6.2926,2.2607,0.5551,2.5514
36.0,UE-01,72.0,83.9,46.0,-42.6162,-3.0,28.7058,15.0,28.0,6.0,5.7,6.7809,1.5872,0.5536,2.4113
36.5,UE-01,73.0,83.8,45.9,-46.7876,-3.0,29.7083,15.0,28.0,5.0,4.7,6.5043,2.1758,0.5742,2.1462
37.0,UE-01,74.0,84.1,46.1,-44.3254,-3.0,30.0,15.0,28.0,5.0,4.7,5.0467,1.8484,0.5019,2.3292
37.5,UE-01,75.0,83.7,45.9,-48.4686,-3.0,28.1346,15.0,28.0,6.0,5.7,5.8179,1.5787,0.4793,2.3944
38.0,UE-01,76.0,83.8,45.9,-47.0663,-3.0,27.6584,15.0,28.0,6.0,5.7,7.4724,1.9578,0.4502,2.1727
38.5,UE-01,77.0,84.0,46.0,-43.3486,-3.0,30.0,15.0,28.0,5.0,4.7,5.6681,2.3534,0.4304,2.2341
39.0,UE-01,78.0,83.8,45.9,-45.0156,-3.0,30.0,15.0,28.0,6.0,5.7,5.6837,1.5004,0.4269,1.8528
39.5,UE-01,79.0,83.6,45.8,-44.0078,-3.0,29.5732,15.0,28.0,5.0,4.7,5.1799,1.0989,0.3944,2.4506
40.0,UE-01,80.0,73.7,37.7,-44.9399,-3.0,28.9109,15.0,28.0,6.0,5.7,5.7894,1.3414,0.3817,1.7319
40.5,UE-01,81.0,65.6,27.3,-52.7964,-3.0,24.6816,15.0,28.0,5.0,4.7,6.0526,1.5554,0.3427,2.0052
41.0,UE-01,82.0,60.3,14.6,-53.2384,-3.0,25.4151,15.0,28.0,5.0,4.7,4.9425,1.7713,0.3096,2.0301
41.5,UE-01,83.0,58.3,0.5,-62.3055,-3.0,21.9307,14.0,27.0,5.0,4.7,4.9083,1.8752,0.5299,2.6251
42.0,UE-01,84.0,58.3,0.1,-61.9885,-3.0,25.4055,15.0,28.0,5.0,4.7,5.8609,1.695,0.2431,2.1897
42.5,UE-01,85.0,60.3,14.6,-57.0867,-3.0,27.5725,15.0,28.0,4.0,3.8,4.1008,1.4223,0.2556,1.6898
43.0,UE-01,86.0,65.6,27.3,-57.5371,-3.0,25.7532,15.0,28.0,5.0,4.7,5.1229,1.6252,0.202,2.1775
43.5,UE-01,87.0,73.7,37.7,-47.9774,-3.0,29.4702,15.0,28.0,5.0,4.7,5.3471,1.7673,0.2011,2.3348
44.0,UE-01,88.0,83.9,46.0,-44.3309,-3.0,27.9253,15.0,28.0,5.0,4.7,5.4177,1.831,0.1662,1.8916
44.5,UE-01,89.0,83.8,45.9,-45.5118,-3.0,30.0,15.0,28.0,6.0,5.7,5.7023,1.2741,0.12,1.8302
45.0,UE-01,90.0,83.9,46.0,-46.8499,-3.0,30.0,15.0,28.0,6.0,5.7,5.8497,1.888,0.1158,1.7428
45.5,UE-01,91.0,83.9,45.9,-44.9693,-3.0,28.7887,15.0,28.0,6.0,5.7,5.8174,1.0828,0.1017,1.4989
46.0,UE-01,92.0,84.0,46.1,-47.3802,-3.0,27.7319,15.0,28.0,6.0,5.7,5.5729,1.5348,0.049,1.7894
46.5,UE-01,93.0,83.9,46.0,-41.4744,-3.0,27.2695,15.0,28.0,6.0,5.7,6.3887,1.2663,0.0198,1.664
47.0,UE-01,94.0,83.8,45.9,-47.9906,-3.0,29.9969,15.0,28.0,5.0,4.7,5.4915,1.737,0.0253,1.7872
47.5,UE-01,95.0,84.1,46.1,-46.4145,-3.0,29.7339,15.0,28.0,5.0,4.7,5.0029,1.5377,0.0,1.5216
48.0,UE-01,96.0,83.7,45.9,-46.1473,-3.0,26.5185,15.0,28.0,6.0,5.7,6.2113,0.965,0.0,1.7684
48.5,UE-01,97.0,83.8,45.9,-46.0716,-3.0,29.0804,15.0,28.0,6.0,5.7,5.6054,1.1046,0.0,1.4474
49.0,UE-01,98.0,84.0,46.0,-43.8951,-3.0,29.1692,15.0,28.0,5.0,4.7,5.105,1.7178,0.0,1.6364
49.5,UE-01,99.0,83.8,45.9,-46.2504,-3.0,30.0,15.0,28.0,6.0,5.7,6.3358,1.4555,0.0,1.3711
50.0,UE-01,100.0,83.6,45.8,-43.0424,-3.0,30.0,15.0,28.0,5.0,4.7,5.5358,0.4466,0.0,1.3376
50.5,UE-01,101.0,73.7,37.7,-43.9985,-3.0,27.8636,15.0,28.0,6.0,5.7,6.0801,0.8129,0.0,1.3934
51.0,UE-01,102.0,65.6,27.3,-52.6774,-3.0,24.5625,15.0,28.0,5.0,4.7,5.2525,1.1937,0.0,2.0148
51.5,UE-01,103.0,60.3,14.6,-53.0391,-3.0,23.0245,15.0,28.0,5.0,4.7,5.4086,1.4586,0.0,1.6118
52.0,UE-01,104.0,58.3,0.5,-66.0626,-3.0,21.5247,14.0,27.0,5.0,4.7,4.961,0.818,0.0089,2.1155
52.5,UE-01,105.0,58.3,0.1,-65.3066,-3.0,23.3934,15.0,28.0,5.0,4.7,4.2511,1.1571,0.0,1.9052
53.0,UE-01,106.0,60.3,14.6,-57.4063,-3.0,29.0925,15.0,28.0,4.0,3.8,4.1665,0.8896,0.0,1.0
53.5,UE-01,107.0,65.6,27.3,-54.2426,-3.0,26.1797,15.0,28.0,5.0,4.7,4.9306,1.0224,0.0,1.6591
54.0,UE-01,108.0,73.7,37.7,-47.2333,-3.0,27.5375,15.0,28.0,5.0,4.7,3.8647,1.2544,0.0,1.5139
54.5,UE-01,109.0,83.9,46.0,-42.3632,-3.0,28.7189,15.0,28.0,5.0,4.7,4.7985,1.2951,0.0,1.1993
55.0,UE-01,110.0,83.8,45.9,-46.3577,-3.0,29.381,15.0,28.0,6.0,5.7,5.3253,1.3564,0.0,1.2567
55.5,UE-01,111.0,83.9,46.0,-47.6769,-3.0,30.0,15.0,28.0,6.0,5.7,4.8936,1.6763,0.0,1.2088
56.0,UE-01,112.0,83.9,45.9,-43.9886,-3.0,27.9264,15.0,28.0,6.0,5.7,4.7947,0.5235,0.0,1.3429
56.5,UE-01,113.0,84.0,46.1,-48.0971,-3.0,26.5044,15.0,28.0,6.0,5.7,5.1374,1.1757,0.0,1.529
57.0,UE-01,114.0,83.9,46.0,-44.0082,-3.0,28.5211,15.0,28.0,6.0,5.7,4.766,0.7832,0.0,1.0532
57.5,UE-01,115.0,83.8,45.9,-47.4557,-3.0,28.964,15.0,28.0,5.0,4.7,3.8804,0.9125,0.0,1.0828
58.0,UE-01,116.0,84.1,46.1,-45.6487,-3.0,28.0609,15.0,28.0,5.0,4.7,4.2544,0.9432,0.0,1.3605
58.5,UE-01,117.0,83.7,45.9,-44.7334,-3.0,27.0828,15.0,28.0,6.0,5.7,5.2238,0.5142,0.0,1.2997
59.0,UE-01,118.0,83.8,45.9,-46.4278,-3.0,26.0879,15.0,28.0,6.0,5.7,5.6429,0.784,0.0,1.5374
59.5,UE-01,119.0,84.0,46.0,-45.459,-3.0,27.45,15.0,28.0,5.0,4.7,4.5894,0.9462,0.0,1.4238
60.0,UE-01,120.0,83.8,45.9,-43.5097,-3.0,29.2635,15.0,28.0,6.0,5.7,5.6137,0.6265,0.0,1.022
60.5,UE-01,121.0,83.6,45.8,-48.4833,-3.0,30.0,15.0,28.0,5.0,4.7,3.9955,0.2031,0.0,1.0451
61.0,UE-01,122.0,73.7,37.7,-44.7974,-3.0,27.8573,15.0,28.0,6.0,5.7,4.5653,0.513,0.0,1.0
61.5,UE-01,123.0,65.6,27.3,-50.9991,-3.0,25.9193,15.0,28.0,5.0,4.7,5.4179,0.8626,0.0,1.3346
62.0,UE-01,124.0,60.3,14.6,-57.6808,-3.0,21.6913,15.0,28.0,5.0,4.7,3.5791,1.0412,0.0,1.3802
62.5,UE-01,125.0,58.3,0.5,-63.3229,-3.0,19.1436,14.0,27.0,5.0,4.7,3.9768,0.6948,0.0,1.7411
63.0,UE-01,126.0,58.3,0.1,-65.7499,-3.0,23.2068,15.0,28.0,5.0,4.7,3.8844,0.923,0.0,1.4258
63.5,UE-01,127.0,60.3,14.6,-54.7433,-3.0,27.3496,15.0,28.0,4.0,3.8,3.0244,0.3973,0.0,1.0
64.0,UE-01,128.0,65.6,27.3,-54.4464,-3.0,25.4502,15.0,28.0,5.0,4.7,4.7276,0.5777,0.0,1.6496
64.5,UE-01,129.0,73.7,37.7,-49.2178,-3.0,27.5872,15.0,28.0,5.0,4.7,5.2453,1.0462,0.0,1.3205
65.0,UE-01,130.0,83.9,46.0,-47.8652,-3.0,29.2869,15.0,28.0,5.0,4.7,3.5986,1.5112,0.0,1.0
65.5,UE-01,131.0,83.8,45.9,-47.7253,-3.0,26.8455,15.0,28.0,6.0,5.7,4.7731,0.5386,0.0,1.0
66.0,UE-01,132.0,83.9,46.0,-46.457,-3.0,29.2824,15.0,28.0,6.0,5.7,4.7116,0.9874,0.0,1.2217
66.5,UE-01,133.0,83.9,45.9,-45.6151,-3.0,26.7893,15.0,28.0,6.0,5.7,5.8355,0.2849,0.0,1.1947
67.0,UE-01,134.0,84.0,46.1,-48.9728,-3.0,26.2456,15.0,28.0,6.0,5.7,5.2799,0.4874,0.0,1.0
67.5,UE-01,135.0,83.9,46.0,-42.4934,-3.0,29.5939,15.0,28.0,6.0,5.7,5.7169,0.3305,0.0,1.0
68.0,UE-01,136.0,83.8,45.9,-46.2606,-3.0,28.6928,15.0,28.0,5.0,4.7,4.8862,0.7946,0.0,1.0956
68.5,UE-01,137.0,84.1,46.1,-47.841,-3.0,29.3768,15.0,28.0,5.0,4.7,4.3579,0.5689,0.0,1.2709
69.0,UE-01,138.0,83.7,45.9,-46.2736,-3.0,27.7599,15.0,28.0,6.0,5.7,5.1197,0.4493,0.0,1.0541
69.5,UE-01,139.0,83.8,45.9,-45.4237,-3.0,28.7637,15.0,28.0,6.0,5.7,4.5559,0.1652,0.0,1.0
70.0,UE-01,140.0,84.0,46.0,-45.0626,-3.0,27.8727,15.0,28.0,5.0,4.7,4.3769,0.6477,0.0,1.1257
70.5,UE-01,141.0,83.8,45.9,-43.5527,-3.0,29.7653,15.0,28.0,6.0,5.7,5.2014,0.8677,0.0,1.0
71.0,UE-01,142.0,83.6,45.8,-47.7065,-3.0,29.6694,15.0,28.0,5.0,4.7,4.8643,-0.1792,0.0,1.0
71.5,UE-01,143.0,73.7,37.7,-44.4441,-3.0,28.7749,15.0,28.0,6.0,5.7,5.5626,0.2276,0.0,1.0
72.0,UE-01,144.0,65.6,27.3,-54.0829,-3.0,23.6726,15.0,28.0,5.0,4.7,4.456,0.7793,0.0,1.4262
72.5,UE-01,145.0,60.3,14.6,-56.371,-3.0,22.1516,15.0,28.0,5.0,4.7,4.6706,0.9339,0.0,1.1891
73.0,UE-01,146.0,58.3,0.5,-64.5817,-3.0,21.1112,14.0,27.0,5.0,4.7,3.7002,0.9716,0.0,1.5827
73.5,UE-01,147.0,58.3,0.1,-64.3946,-3.0,22.8729,15.0,28.0,5.0,4.7,3.7463,0.7482,0.0,1.314
74.0,UE-01,148.0,60.3,14.6,-55.0896,-3.0,28.9685,15.0,28.0,4.0,3.8,3.495,0.393,0.0,1.0
74.5,UE-01,149.0,65.6,27.3,-55.9785,-3.0,24.934,15.0,28.0,5.0,4.7,4.0364,0.5538,0.0,1.0
75.0,UE-01,150.0,73.7,37.7,-48.7748,-3.0,26.9295,15.0,28.0,5.0,4.7,4.6283,0.9253,0.0,1.4702
75.5,UE-01,151.0,83.9,46.0,-42.4855,-3.0,30.0,15.0,28.0,5.0,4.7,5.0784,0.7305,0.0,1.0
76.0,UE-01,152.0,83.8,45.9,-45.6599,-3.0,29.2565,15.0,28.0,6.0,5.7,6.2787,0.8905,0.0,1.0
76.5,UE-01,153.0,83.9,46.0,-45.0065,-3.0,28.5468,15.0,28.0,6.0,5.7,5.8463,1.2024,0.0,1.367
77.0,UE-01,154.0,83.9,45.9,-43.2971,-3.0,27.6109,15.0,28.0,6.0,5.7,5.1391,0.4193,0.0,1.0
77.5,UE-01,155.0,84.0,46.1,-47.2511,-3.0,27.1061,15.0,28.0,6.0,5.7,5.5211,0.9298,0.0,1.0
78.0,UE-01,156.0,83.9,46.0,-43.0664,-3.0,30.0,15.0,28.0,6.0,5.7,5.6696,0.8404,0.0,1.0
78.5,UE-01,157.0,83.8,45.9,-48.9722,-3.0,29.5375,15.0,28.0,5.0,4.7,4.0589,1.0258,0.0,1.15
79.0,UE-01,158.0,84.1,46.1,-43.8315,-3.0,29.4816,15.0,28.0,5.0,4.7,4.6981,0.2245,0.0,1.443
79.5,UE-01,159.0,83.7,45.9,-44.3657,-3.0,26.4137,15.0,28.0,6.0,5.7,5.4009,0.66,0.0,1.0
80.0,UE-01,160.0,83.8,45.9,-48.6674,-3.0,28.1441,15.0,28.0,6.0,5.7,5.0364,0.3164,0.0,1.0975
80.5,UE-01,161.0,84.0,46.0,-44.4292,-3.0,30.0,15.0,28.0,5.0,4.7,5.2828,0.8934,0.0,1.0
81.0,UE-01,162.0,83.8,45.9,-45.2812,-3.0,28.7498,15.0,28.0,6.0,5.7,5.233,0.8402,0.0,1.0
81.5,UE-01,163.0,83.6,45.8,-47.8361,-3.0,30.0,15.0,28.0,5.0,4.7,4.6638,0.4255,0.0,1.0
82.0,UE-01,164.0,73.7,37.7,-47.8771,-3.0,28.4534,15.0,28.0,6.0,5.7,5.0291,0.5055,0.0,1.0586
82.5,UE-01,165.0,65.6,27.3,-52.6175,-3.0,22.1813,15.0,28.0,5.0,4.7,4.644,0.8762,0.0,1.457
83.0,UE-01,166.0,60.3,14.6,-56.7997,-3.0,24.9594,15.0,28.0,5.0,4.7,3.9574,0.7961,0.0,1.2315
83.5,UE-01,167.0,58.3,0.5,-63.157,-3.0,20.4994,14.0,27.0,5.0,4.7,5.2923,0.8059,0.0,1.9329
84.0,UE-01,168.0,58.3,0.1,-63.8041,-3.0,23.8714,15.0,28.0,5.0,4.7,4.6522,1.3174,0.0,1.3666
84.5,UE-01,169.0,60.3,14.6,-57.9779,-3.0,27.2748,15.0,28.0,4.0,3.8,3.7079,0.6868,0.0,1.0
85.0,UE-01,170.0,65.6,27.3,-51.9602,-3.0,24.6102,15.0,28.0,5.0,4.7,4.4589,0.9053,0.0,1.869
85.5,UE-01,171.0,73.7,37.7,-48.5672,-3.0,29.698,15.0,28.0,5.0,4.7,4.2608,0.768,0.0,1.357
86.0,UE-01,172.0,83.9,46.0,-43.6836,-3.0,29.5492,15.0,28.0,5.0,4.7,4.6677,0.9294,0.0,1.0
86.5,UE-01,173.0,83.8,45.9,-44.4566,-3.0,27.031,15.0,28.0,6.0,5.7,5.5825,0.7666,0.0,1.3602
87.0,UE-01,174.0,83.9,46.0,-43.8925,-3.0,30.0,15.0,28.0,6.0,5.7,5.2229,1.545,0.0,1.2077
87.5,UE-01,175.0,83.9,45.9,-40.5173,-3.0,27.7023,15.0,28.0,6.0,5.7,5.8566,0.6823,0.0,1.0
88.0,UE-01,176.0,84.0,46.1,-44.5758,-3.0,28.2237,15.0,28.0,6.0,5.7,5.8605,1.0042,0.0,1.6295
88.5,UE-01,177.0,83.9,46.0,-43.348,-3.0,30.0,15.0,28.0,6.0,5.7,5.0482,0.853,0.0,1.7334
89.0,UE-01,178.0,83.8,45.9,-45.3478,-3.0,30.0,15.0,28.0,5.0,4.7,5.0458,1.6549,0.0,1.1242
89.5,UE-01,179.0,84.1,46.1,-40.1154,-3.0,29.3182,15.0,28.0,5.0,4.7,5.2159,1.1173,0.0,1.6135
90.0,UE-01,180.0,83.7,45.9,-45.6875,-3.0,27.9875,15.0,28.0,6.0,5.7,5.8297,0.714,0.0,1.5503
90.5,UE-01,181.0,83.8,45.9,-45.1594,-3.0,29.2182,15.0,28.0,6.0,5.7,6.4775,1.1668,0.0,1.3707
91.0,UE-01,182.0,84.0,46.0,-44.0453,-3.0,29.6469,15.0,28.0,5.0,4.7,4.2243,1.5391,0.0,1.595
91.5,UE-01,183.0,83.8,45.9,-46.7014,-3.0,29.2698,15.0,28.0,6.0,5.7,5.5087,1.0728,0.0,1.4141
92.0,UE-01,184.0,83.6,45.8,-46.6403,-3.0,28.5988,15.0,28.0,5.0,4.7,5.2172,0.4057,0.0,1.3053
92.5,UE-01,185.0,73.7,37.7,-43.9313,-3.0,29.0117,15.0,28.0,6.0,5.7,5.8428,1.1431,0.0,1.1005
93.0,UE-01,186.0,65.6,27.3,-56.5172,-3.0,24.5763,15.0,28.0,5.0,4.7,4.7752,1.3319,0.0,2.2839
93.5,UE-01,187.0,60.3,14.6,-57.129,-3.0,26.2361,15.0,28.0,5.0,4.7,5.1083,1.4959,0.0,1.8723
94.0,UE-01,188.0,58.3,0.5,-63.6849,-3.0,19.4497,14.0,27.0,5.0,4.7,5.3268,1.3924,0.2069,2.2814
94.5,UE-01,189.0,58.3,0.1,-63.1966,-3.0,25.807,15.0,28.0,5.0,4.7,5.0764,1.7631,0.0,1.9684
95.0,UE-01,190.0,60.3,14.6,-57.8273,-3.0,29.1671,15.0,28.0,4.0,3.8,3.2459,1.1817,0.0548,1.5979
95.5,UE-01,191.0,65.6,27.3,-51.0075,-3.0,24.8803,15.0,28.0,5.0,4.7,5.774,1.3179,0.0767,2.0971
96.0,UE-01,192.0,73.7,37.7,-50.3823,-3.0,29.8266,15.0,28.0,5.0,4.7,5.6792,1.307,0.096,1.7034
96.5,UE-01,193.0,83.9,46.0,-45.6323,-3.0,30.0,15.0,28.0,5.0,4.7,4.6032,1.6485,0.1177,1.4527
97.0,UE-01,194.0,83.8,45.9,-45.2746,-3.0,30.0,15.0,28.0,6.0,5.7,5.6426,1.4125,0.1485,1.3618
97.5,UE-01,195.0,83.9,46.0,-44.117,-3.0,29.0783,15.0,28.0,6.0,5.7,5.4813,2.053,0.2084,1.7202
98.0,UE-01,196.0,83.9,45.9,-43.0845,-3.0,28.3938,15.0,28.0,6.0,5.7,6.499,1.4437,0.216,1.5017
98.5,UE-01,197.0,84.0,46.1,-41.4685,-3.0,27.2369,15.0,28.0,6.0,5.7,6.6588,1.8076,0.2408,1.9284
99.0,UE-01,198.0,83.9,46.0,-40.4075,-3.0,28.2108,15.0,28.0,6.0,5.7,5.6942,0.9362,0.2824,1.7375
99.5,UE-01,199.0,83.8,45.9,-47.1157,-3.0,30.0,15.0,28.0,5.0,4.7,5.1133,1.888,0.3247,2.0109
100.0,UE-01,200.0,84.1,46.1,-42.1587,-3.0,30.0,15.0,28.0,5.0,4.7,4.2479,1.5177,0.2884,2.3469
100.5,UE-01,201.0,83.7,45.9,-43.3411,-3.0,28.3579,15.0,28.0,6.0,5.7,5.0818,1.8416,0.3297,1.9414
101.0,UE-01,202.0,83.8,45.9,-44.636,-3.0,30.0,15.0,28.0,6.0,5.7,6.6542,1.3298,0.3598,2.1042
101.5,UE-01,203.0,84.0,46.0,-44.898,-3.0,29.6632,15.0,28.0,5.0,4.7,5.174,2.4572,0.3906,2.121
102.0,UE-01,204.0,83.8,45.9,-45.8703,-3.0,30.0,15.0,28.0,6.0,5.7,6.4187,1.7883,0.3985,1.9648
102.5,UE-01,205.0,83.6,45.8,-46.0826,-3.0,30.0,15.0,28.0,5.0,4.7,5.0195,1.1325,0.4351,2.362
103.0,UE-01,206.0,73.7,37.7,-44.1464,-3.0,29.3942,15.0,28.0,6.0,5.7,5.4541,1.5298,0.434,1.8456
103.5,UE-01,207.0,65.6,27.3,-53.2477,-3.0,26.1197,15.0,28.0,5.0,4.7,4.8319,1.7137,0.4824,2.808
104.0,UE-01,208.0,60.3,14.6,-55.3944,-3.0,23.236,15.0,28.0,5.0,4.7,5.5635,2.4756,0.4581,2.3002
104.5,UE-01,209.0,58.3,0.5,-62.6949,-3.0,20.2388,14.0,27.0,5.0,4.7,5.6627,2.1546,0.7579,2.6277
105.0,UE-01,210.0,58.3,0.1,-64.586,-3.0,26.0703,15.0,28.0,5.0,4.7,5.0878,2.131,0.5473,2.6159
105.5,UE-01,211.0,60.3,14.6,-55.0429,-3.0,28.1049,15.0,28.0,4.0,3.8,4.7869,1.575,0.5224,1.6925
106.0,UE-01,212.0,65.6,27.3,-55.2313,-3.0,25.8481,15.0,28.0,5.0,4.7,5.3973,1.6881,0.5941,2.4489
106.5,UE-01,213.0,73.7,37.7,-48.9262,-3.0,26.2884,15.0,28.0,5.0,4.7,5.6252,2.3317,0.5886,2.8433
107.0,UE-01,214.0,83.9,46.0,-40.1285,-3.0,29.9412,15.0,28.0,5.0,4.7,6.6558,2.1794,0.5888,2.5509
107.5,UE-01,215.0,83.8,45.9,-43.8779,-3.0,27.4665,15.0,28.0,6.0,5.7,7.0363,1.7758,0.6311,2.1049
108.0,UE-01,216.0,83.9,46.0,-46.6959,-3.0,29.4359,15.0,28.0,6.0,5.7,6.5879,2.6783,0.6606,2.6086
108.5,UE-01,217.0,83.9,45.9,-44.0797,-3.0,29.0579,15.0,28.0,6.0,5.7,5.7185,1.8331,0.6175,2.4099
109.0,UE-01,218.0,84.0,46.1,-44.3573,-3.0,28.0817,15.0,28.0,6.0,5.7,6.7789,2.1979,0.6301,2.8477
109.5,UE-01,219.0,83.9,46.0,-40.3231,-3.0,29.8291,15.0,28.0,6.0,5.7,6.7834,1.9393,0.6919,2.5725
110.0,UE-01,220.0,83.8,45.9,-45.8965,-3.0,30.0,15.0,28.0,5.0,4.7,6.9234,2.7803,0.7279,2.3539
110.5,UE-01,221.0,84.1,46.1,-40.7608,-3.0,30.0,15.0,28.0,5.0,4.7,5.1754,1.8508,0.6851,2.6618
111.0,UE-01,222.0,83.7,45.9,-46.0595,-3.0,27.3141,15.0,28.0,6.0,5.7,6.1041,1.899,0.6982,2.6182
111.5,UE-01,223.0,83.8,45.9,-42.4924,-3.0,29.0756,15.0,28.0,6.0,5.7,6.5931,2.3234,0.7155,2.6425
112.0,UE-01,224.0,84.0,46.0,-46.2892,-3.0,30.0,15.0,28.0,5.0,4.7,6.1251,2.3505,0.7716,2.5512
112.5,UE-01,225.0,83.8,45.9,-44.6182,-3.0,29.9181,15.0,28.0,6.0,5.7,5.3643,2.2082,0.7366,2.3046
113.0,UE-01,226.0,83.6,45.8,-45.6611,-3.0,30.0,15.0,28.0,5.0,4.7,6.417,1.8863,0.755,2.4861
113.5,UE-01,227.0,73.7,37.7,-42.9186,-3.0,29.6533,15.0,28.0,6.0,5.7,7.1836,1.5768,0.7558,2.2769
114.0,UE-01,228.0,65.6,27.3,-51.6572,-3.0,25.5519,15.0,28.0,5.0,4.7,6.3794,2.0206,0.7698,3.0297
114.5,UE-01,229.0,60.3,14.6,-54.5992,-3.0,24.6988,15.0,28.0,5.0,4.7,5.2847,2.5806,0.7043,2.372
115.0,UE-01,230.0,58.3,0.5,-64.9006,-3.0,21.8099,14.0,27.0,5.0,4.7,4.9072,1.8064,1.0,2.8736
115.5,UE-01,231.0,58.3,0.1,-65.505,-3.0,24.396,15.0,28.0,5.0,4.7,6.2817,2.4163,0.7832,2.5905
116.0,UE-01,232.0,60.3,14.6,-57.0733,-3.0,29.2014,15.0,28.0,4.0,3.8,5.1799,1.8781,0.8159,2.2613
116.5,UE-01,233.0,65.6,27.3,-55.3315,-3.0,25.8669,15.0,28.0,5.0,4.7,6.4426,2.635,0.7556,3.1121
117.0,UE-01,234.0,73.7,37.7,-49.7172,-3.0,29.3693,15.0,28.0,5.0,4.7,6.6925,2.2541,0.7921,2.6828
117.5,UE-01,235.0,83.9,46.0,-39.9355,-3.0,29.958,15.0,28.0,5.0,4.7,5.4053,2.4075,0.7541,2.7998
118.0,UE-01,236.0,83.8,45.9,-45.4651,-3.0,29.2604,15.0,28.0,6.0,5.7,6.3772,2.0619,0.7784,2.703
118.5,UE-01,237.0,83.9,46.0,-44.7634,-3.0,30.0,15.0,28.0,6.0,5.7,6.3543,3.3429,0.841,2.6713
119.0,UE-01,238.0,83.9,45.9,-40.9703,-3.0,27.8706,15.0,28.0,6.0,5.7,6.6905,1.7823,0.8161,2.4698
119.5,UE-01,239.0,84.0,46.1,-46.2491,-3.0,28.307,15.0,28.0,6.0,5.7,6.8407,2.7364,0.789,2.1902
0.0,UE-02,0.0,144.2,0.1,-70.7006,-3.0,12.2999,11.0,21.0,18.0,17.0,11.7043,2.1697,0.9618,3.3865
0.5,UE-02,1.0,145.0,6.0,-70.8439,-3.0,18.3216,13.0,25.0,22.0,20.8,17.0871,4.0397,0.9013,2.7895
1.0,UE-02,2.0,147.4,11.8,-72.9834,-3.0,14.0132,12.0,23.0,21.0,19.8,13.2386,3.0058,1.0,3.5218
1.5,UE-02,3.0,151.2,17.3,-67.4228,-3.0,15.6089,13.0,25.0,16.0,15.1,12.1238,1.8067,1.0,3.1129
2.0,UE-02,4.0,156.4,22.7,-67.4426,-3.0,15.2615,12.0,23.0,15.0,14.2,10.6914,2.1329,0.9924,2.881
2.5,UE-02,5.0,156.4,22.7,-66.1157,-3.0,17.6921,13.0,25.0,17.0,16.0,13.1997,2.6593,1.0,3.141
3.0,UE-02,6.0,156.5,22.7,-63.9911,-3.0,13.2415,11.0,21.0,24.0,22.6,12.7428,3.5631,1.0,3.3327
3.5,UE-02,7.0,156.5,22.6,-62.7162,-3.0,13.4475,12.0,23.0,22.0,20.8,15.6027,4.4173,1.0,3.0911
4.0,UE-02,8.0,156.6,22.7,-61.6051,-3.0,17.8482,13.0,25.0,19.0,17.9,14.3767,3.6225,1.0,3.088
4.5,UE-02,9.0,156.6,22.7,-63.4813,-3.0,14.5634,12.0,23.0,22.0,20.8,14.2919,3.5363,1.0,3.1296
5.0,UE-02,10.0,156.6,22.6,-62.0474,-3.0,18.2732,13.0,25.0,20.0,18.9,15.5908,3.0726,1.0,2.6737
5.5,UE-02,11.0,156.8,22.7,-71.2148,-3.0,15.1188,12.0,23.0,21.0,19.8,14.6075,4.6134,1.0,3.3817
6.0,UE-02,12.0,156.6,22.6,-60.7121,-3.0,14.9475,12.0,23.0,17.0,16.0,11.8161,3.0058,1.0,3.4286
6.5,UE-02,13.0,156.7,22.6,-61.279,-3.0,16.1894,13.0,25.0,18.0,17.0,14.5778,4.8233,1.0,3.017
7.0,UE-02,14.0,156.9,22.6,-67.8789,-3.0,12.9307,11.0,21.0,15.0,14.2,9.2117,1.873,1.0,3.887
7.5,UE-02,15.0,156.9,22.6,-64.5922,-3.0,13.0881,11.0,21.0,12.0,11.3,7.702,1.9595,1.0,3.7574
8.0,UE-02,16.0,156.8,22.5,-56.6486,-3.0,20.0176,14.0,27.0,19.0,17.9,16.402,5.1773,1.0,2.9672
8.5,UE-02,17.0,151.8,17.3,-67.2878,-3.0,15.0409,12.0,23.0,24.0,22.6,16.0204,4.257,1.0,3.4777
9.0,UE-02,18.0,148.1,11.7,-68.4802,-3.0,17.6607,12.0,23.0,21.0,19.8,16.0201,4.0043,1.0,3.5684
9.5,UE-02,19.0,145.9,6.0,-72.9561,-3.0,12.6611,11.0,21.0,20.0,18.9,11.887,3.271,1.0,3.9211
10.0,UE-02,20.0,145.2,0.2,-72.3131,-3.0,12.3962,11.0,21.0,25.0,23.6,16.2714,4.64,1.0,3.9888
10.5,UE-02,21.0,144.2,0.1,-68.3967,-3.0,14.0092,11.0,21.0,18.0,17.0,10.8408,2.9564,1.0,4.3155
11.0,UE-02,22.0,145.0,6.0,-71.3359,-3.0,18.8062,13.0,25.0,22.0,20.8,17.5137,4.4217,1.0,3.4137
11.5,UE-02,23.0,147.4,11.8,-72.1245,-3.0,14.8735,12.0,23.0,21.0,19.8,14.1718,3.4079,1.0,3.8919
12.0,UE-02,24.0,151.2,17.3,-64.9427,-3.0,17.1641,13.0,25.0,16.0,15.1,12.6993,2.8092,1.0,3.9566
12.5,UE-02,25.0,156.4,22.7,-64.8512,-3.0,17.5332,12.0,23.0,15.0,14.2,10.6167,2.9532,1.0,3.3978
13.0,UE-02,26.0,156.4,22.7,-62.1548,-3.0,15.685,13.0,25.0,17.0,16.0,13.6791,2.7904,1.0,3.6505
13.5,UE-02,27.0,156.5,22.7,-63.9713,-3.0,14.9043,11.0,21.0,24.0,22.6,14.1661,4.3748,1.0,4.325
14.0,UE-02,28.0,156.5,22.6,-61.3595,-3.0,15.8933,12.0,23.0,22.0,20.8,15.3969,4.8024,1.0,3.6466
14.5,UE-02,29.0,156.6,22.7,-63.2555,-3.0,15.4701,13.0,25.0,19.0,17.9,15.5279,4.2946,1.0,3.3389
15.0,UE-02,30.0,156.6,22.7,-64.5888,-3.0,14.7579,12.0,23.0,22.0,20.8,15.5282,4.3139,1.0,3.7477
15.5,UE-02,31.0,156.6,22.6,-63.2639,-3.0,16.9701,13.0,25.0,20.0,18.9,16.2162,4.2042,1.0,3.2139
16.0,UE-02,32.0,156.8,22.7,-71.4437,-3.0,15.5683,12.0,23.0,21.0,19.8,15.1057,4.9652,1.0,3.9112
16.5,UE-02,33.0,156.6,22.6,-62.3769,-3.0,16.2934,12.0,23.0,17.0,16.0,11.802,3.4988,1.0,3.6116
17.0,UE-02,34.0,156.7,22.6,-63.1052,-3.0,16.1277,13.0,25.0,18.0,17.0,14.1737,5.0084,1.0,3.324
17.5,UE-02,35.0,156.9,22.6,-65.0991,-3.0,12.9876,11.0,21.0,15.0,14.2,9.4607,2.4833,1.0,4.6555
18.0,UE-02,36.0,156.9,22.6,-62.7039,-3.0,14.4698,11.0,21.0,12.0,11.3,8.7376,2.026,1.0,3.8509
18.5,UE-02,37.0,156.8,22.5,-57.8646,-3.0,19.8073,14.0,27.0,19.0,17.9,17.2425,5.7664,1.0,3.557
19.0,UE-02,38.0,151.8,17.3,-65.7324,-3.0,16.2629,12.0,23.0,24.0,22.6,17.2913,4.7013,1.0,4.2288
19.5,UE-02,39.0,148.1,11.7,-66.7511,-3.0,15.5697,12.0,23.0,21.0,19.8,15.0791,4.0579,1.0,3.8051
20.0,UE-02,40.0,145.9,6.0,-69.2696,-3.0,13.5616,11.0,21.0,20.0,18.9,12.6388,3.7801,1.0,3.687
20.5,UE-02,41.0,145.2,0.2,-71.2684,-3.0,14.3638,11.0,21.0,25.0,23.6,17.5571,4.6061,1.0,4.3991
21.0,UE-02,42.0,144.2,0.1,-70.3375,-3.0,12.9445,11.0,21.0,18.0,17.0,11.2439,3.4531,1.0,4.5493
21.5,UE-02,43.0,145.0,6.0,-68.861,-3.0,18.6115,13.0,25.0,22.0,20.8,17.8433,4.8315,1.0,3.3678
22.0,UE-02,44.0,147.4,11.8,-68.8287,-3.0,14.5983,12.0,23.0,21.0,19.8,15.4998,4.1249,1.0,4.0986
22.5,UE-02,45.0,151.2,17.3,-66.5503,-3.0,17.3758,13.0,25.0,16.0,15.1,12.0791,3.0139,1.0,3.6777
23.0,UE-02,46.0,156.4,22.7,-66.1239,-3.0,16.4528,12.0,23.0,15.0,14.2,11.1038,3.4195,1.0,4.1946
23.5,UE-02,47.0,156.4,22.7,-62.822,-3.0,17.603,13.0,25.0,17.0,16.0,13.4437,2.9219,1.0,3.4173
24.0,UE-02,48.0,156.5,22.7,-61.6859,-3.0,12.8623,11.0,21.0,24.0,22.6,14.1238,4.4093,1.0,4.4967
24.5,UE-02,49.0,156.5,22.6,-62.4971,-3.0,15.9926,12.0,23.0,22.0,20.8,15.662,5.3115,1.0,3.9059
25.0,UE-02,50.0,156.6,22.7,-58.9265,-3.0,17.943,13.0,25.0,19.0,17.9,15.349,4.152,1.0,3.3929
25.5,UE-02,51.0,156.6,22.7,-63.36,-3.0,16.9019,12.0,23.0,22.0,20.8,15.5104,4.2873,1.0,4.0729
26.0,UE-02,52.0,156.6,22.6,-61.3882,-3.0,17.6407,13.0,25.0,20.0,18.9,16.1697,4.0703,1.0,3.7028
26.5,UE-02,53.0,156.8,22.7,-67.7833,-3.0,16.5985,12.0,23.0,21.0,19.8,14.7225,4.896,1.0,4.0924
27.0,UE-02,54.0,156.6,22.6,-61.5617,-3.0,15.046,12.0,23.0,17.0,16.0,11.9277,3.7437,1.0,4.1096
27.5,UE-02,55.0,156.7,22.6,-61.0419,-3.0,18.7368,13.0,25.0,18.0,17.0,13.7201,4.7456,1.0,3.3899
28.0,UE-02,56.0,156.9,22.6,-63.3176,-3.0,15.1272,11.0,21.0,15.0,14.2,8.858,2.4982,1.0,4.2511
28.5,UE-02,57.0,156.9,22.6,-62.2457,-3.0,15.2861,11.0,21.0,12.0,11.3,7.4532,2.3581,1.0,3.8597
29.0,UE-02,58.0,156.8,22.5,-56.9424,-3.0,19.3499,14.0,27.0,19.0,17.9,16.6459,5.9731,1.0,3.1771
29.5,UE-02,59.0,151.8,17.3,-64.2344,-3.0,16.195,12.0,23.0,24.0,22.6,16.9654,4.5511,1.0,4.1463
30.0,UE-02,60.0,148.1,11.7,-69.3444,-3.0,17.7885,12.0,23.0,21.0,19.8,16.4031,4.2933,1.0,3.6273
30.5,UE-02,61.0,145.9,6.0,-72.9012,-3.0,15.3989,11.0,21.0,20.0,18.9,13.2201,4.0776,1.0,4.5006
31.0,UE-02,62.0,145.2,0.2,-69.6422,-3.0,13.0049,11.0,21.0,25.0,23.6,16.0428,4.7801,1.0,3.9272
31.5,UE-02,63.0,144.2,0.1,-72.714,-3.0,14.3247,11.0,21.0,18.0,17.0,11.6112,3.0027,1.0,4.1157
32.0,UE-02,64.0,145.0,6.0,-68.8567,-3.0,19.4576,13.0,25.0,22.0,20.8,17.5761,4.3406,1.0,3.6704
32.5,UE-02,65.0,147.4,11.8,-71.0687,-3.0,14.2473,12.0,23.0,21.0,19.8,14.4596,3.5615,1.0,4.0206
33.0,UE-02,66.0,151.2,17.3,-63.6103,-3.0,17.4855,13.0,25.0,16.0,15.1,12.3458,2.3887,1.0,3.2191
33.5,UE-02,67.0,156.4,22.7,-65.9572,-3.0,17.7233,12.0,23.0,15.0,14.2,12.0068,3.4884,1.0,3.7057
34.0,UE-02,68.0,156.4,22.7,-61.6438,-3.0,16.2478,13.0,25.0,17.0,16.0,12.992,2.81,1.0,3.6748
34.5,UE-02,69.0,156.5,22.7,-62.3508,-3.0,15.008,11.0,21.0,24.0,22.6,16.0934,4.0045,1.0,4.0559
35.0,UE-02,70.0,156.5,22.6,-64.9731,-3.0,14.0779,12.0,23.0,22.0,20.8,15.3198,4.8584,1.0,3.563
35.5,UE-02,71.0,156.6,22.7,-61.5424,-3.0,17.5934,13.0,25.0,19.0,17.9,14.9364,4.1217,1.0,3.7847
36.0,UE-02,72.0,156.6,22.7,-66.5932,-3.0,16.5306,12.0,23.0,22.0,20.8,14.9883,4.3955,1.0,3.7233
36.5,UE-02,73.0,156.6,22.6,-61.3467,-3.0,17.2843,13.0,25.0,20.0,18.9,15.9773,3.4705,1.0,3.3934
37.0,UE-02,74.0,156.8,22.7,-69.4179,-3.0,18.8078,12.0,23.0,21.0,19.8,15.7766,4.8291,1.0,3.8839
37.5,UE-02,75.0,156.6,22.6,-61.8416,-3.0,17.4209,12.0,23.0,17.0,16.0,11.8668,3.3926,1.0,3.8619
38.0,UE-02,76.0,156.7,22.6,-62.1673,-3.0,16.1677,13.0,25.0,18.0,17.0,13.2242,4.4286,1.0,2.8209
38.5,UE-02,77.0,156.9,22.6,-67.972,-3.0,12.6144,11.0,21.0,15.0,14.2,9.843,1.8252,1.0,4.0621
39.0,UE-02,78.0,156.9,22.6,-63.3669,-3.0,14.4484,11.0,21.0,12.0,11.3,7.5525,1.879,1.0,3.7784
39.5,UE-02,79.0,156.8,22.5,-58.3416,-3.0,20.4287,14.0,27.0,19.0,17.9,16.6958,5.7051,1.0,2.8079
40.0,UE-02,80.0,151.8,17.3,-65.5652,-3.0,15.134,12.0,23.0,24.0,22.6,16.8088,4.0,1.0,3.2863
40.5,UE-02,81.0,148.1,11.7,-70.3823,-3.0,16.6392,12.0,23.0,21.0,19.8,15.2812,3.5615,1.0,3.2184
41.0,UE-02,82.0,145.9,6.0,-72.3931,-3.0,13.4819,11.0,21.0,20.0,18.9,11.8687,3.4568,1.0,4.0625
41.5,UE-02,83.0,145.2,0.2,-70.0763,-3.0,15.5827,11.0,21.0,25.0,23.6,16.0608,4.6165,1.0,3.9375
42.0,UE-02,84.0,144.2,0.1,-68.6364,-3.0,13.7072,11.0,21.0,18.0,17.0,11.1711,2.5627,1.0,3.5019
42.5,UE-02,85.0,145.0,6.0,-69.3911,-3.0,17.1747,13.0,25.0,22.0,20.8,17.2668,4.0983,1.0,2.9682
43.0,UE-02,86.0,147.4,11.8,-69.4764,-3.0,14.9668,12.0,23.0,21.0,19.8,13.2004,2.7608,1.0,3.4775
43.5,UE-02,87.0,151.2,17.3,-67.5426,-3.0,15.606,13.0,25.0,16.0,15.1,12.2322,2.2289,1.0,3.2996
44.0,UE-02,88.0,156.4,22.7,-65.8445,-3.0,18.058,12.0,23.0,15.0,14.2,11.1543,2.7585,1.0,2.7679
44.5,UE-02,89.0,156.4,22.7,-64.5479,-3.0,16.8866,13.0,25.0,17.0,16.0,14.2261,1.9814,1.0,2.9216
45.0,UE-02,90.0,156.5,22.7,-62.3474,-3.0,13.9245,11.0,21.0,24.0,22.6,13.756,3.7049,1.0,3.6641
45.5,UE-02,91.0,156.5,22.6,-65.2565,-3.0,14.9213,12.0,23.0,22.0,20.8,15.1128,4.3032,1.0,2.8616
46.0,UE-02,92.0,156.6,22.7,-61.0591,-3.0,15.2202,13.0,25.0,19.0,17.9,13.4939,3.0486,1.0,2.8065
46.5,UE-02,93.0,156.6,22.7,-61.3211,-3.0,14.7667,12.0,23.0,22.0,20.8,14.6763,3.5355,0.963,3.121
47.0,UE-02,94.0,156.6,22.6,-61.3715,-3.0,18.337,13.0,25.0,20.0,18.9,15.1693,3.1353,0.945,2.7676
47.5,UE-02,95.0,156.8,22.7,-72.1086,-3.0,15.5455,12.0,23.0,21.0,19.8,15.2258,4.3381,0.912,3.3528
48.0,UE-02,96.0,156.6,22.6,-63.6415,-3.0,17.6551,12.0,23.0,17.0,16.0,11.1524,2.9124,0.9157,3.4426
48.5,UE-02,97.0,156.7,22.6,-62.5294,-3.0,14.6627,13.0,25.0,18.0,17.0,13.6582,4.2584,0.8872,2.2917
49.0,UE-02,98.0,156.9,22.6,-67.458,-3.0,13.1815,11.0,21.0,15.0,14.2,8.181,1.558,0.8756,3.853
49.5,UE-02,99.0,156.9,22.6,-65.9129,-3.0,11.7803,11.0,21.0,12.0,11.3,8.1214,1.0539,0.7264,3.001
50.0,UE-02,100.0,156.8,22.5,-56.8321,-3.0,18.165,14.0,27.0,19.0,17.9,16.1881,4.7703,0.7582,1.9286
50.5,UE-02,101.0,151.8,17.3,-66.2605,-3.0,13.1458,12.0,23.0,24.0,22.6,16.2768,3.6731,0.7992,2.6606
51.0,UE-02,102.0,148.1,11.7,-69.9274,-3.0,15.6536,12.0,23.0,21.0,19.8,15.1698,3.2383,0.612,2.5696
51.5,UE-02,103.0,145.9,6.0,-73.525,-3.0,13.702,11.0,21.0,20.0,18.9,11.0409,3.029,0.8027,3.3771
52.0,UE-02,104.0,145.2,0.2,-71.522,-3.0,12.8555,11.0,21.0,25.0,23.6,14.2432,3.799,0.6745,3.2144
52.5,UE-02,105.0,144.2,0.1,-73.6444,-3.0,12.0608,11.0,21.0,18.0,17.0,10.225,1.5398,0.7098,3.2173
53.0,UE-02,106.0,145.0,6.0,-70.7085,-3.0,17.0134,13.0,25.0,22.0,20.8,16.8949,3.6913,0.5859,2.4985
53.5,UE-02,107.0,147.4,11.8,-70.5881,-3.0,13.7643,12.0,23.0,21.0,19.8,13.1648,2.8945,0.6943,2.7424
54.0,UE-02,108.0,151.2,17.3,-68.1147,-3.0,16.674,13.0,25.0,16.0,15.1,11.2694,1.8914,0.6262,2.7603
54.5,UE-02,109.0,156.4,22.7,-66.5905,-3.0,13.7878,12.0,23.0,15.0,14.2,10.1859,1.8018,0.5464,2.9557
55.0,UE-02,110.0,156.4,22.7,-63.4434,-3.0,14.2084,13.0,25.0,17.0,16.0,12.9158,1.6929,0.5592,2.7508
55.5,UE-02,111.0,156.5,22.7,-60.3185,-3.0,13.4552,11.0,21.0,24.0,22.6,13.5316,3.0968,0.4902,2.8081
56.0,UE-02,112.0,156.5,22.6,-67.8138,-3.0,14.7248,12.0,23.0,22.0,20.8,14.1672,4.0075,0.5168,2.451
56.5,UE-02,113.0,156.6,22.7,-60.3637,-3.0,15.542,13.0,25.0,19.0,17.9,14.1331,2.6064,0.5003,2.8414
57.0,UE-02,114.0,156.6,22.7,-64.9433,-3.0,15.6815,12.0,23.0,22.0,20.8,14.7433,3.2639,0.4726,2.1879
57.5,UE-02,115.0,156.6,22.6,-65.3953,-3.0,16.9232,13.0,25.0,20.0,18.9,14.3183,2.8499,0.4112,2.001
58.0,UE-02,116.0,156.8,22.7,-69.6495,-3.0,13.1456,12.0,23.0,21.0,19.8,13.2538,3.5936,0.4001,2.9404
58.5,UE-02,117.0,156.6,22.6,-60.8924,-3.0,15.9024,12.0,23.0,17.0,16.0,11.0339,2.0843,0.3755,2.6113
59.0,UE-02,118.0,156.7,22.6,-62.0164,-3.0,15.4543,13.0,25.0,18.0,17.0,12.9685,3.1807,0.4396,1.5713
59.5,UE-02,119.0,156.9,22.6,-66.0533,-3.0,11.3349,11.0,21.0,15.0,14.2,8.2947,1.0315,0.4087,3.2183
60.0,UE-02,120.0,156.9,22.6,-64.7017,-3.0,11.5565,11.0,21.0,12.0,11.3,7.0511,0.6631,0.2528,2.5321
60.5,UE-02,121.0,156.8,22.5,-60.3174,-3.0,17.6004,14.0,27.0,19.0,17.9,16.2566,4.5101,0.3225,1.6275
61.0,UE-02,122.0,151.8,17.3,-66.8936,-3.0,15.08,12.0,23.0,24.0,22.6,15.4086,3.3876,0.3257,2.3505
61.5,UE-02,123.0,148.1,11.7,-69.4622,-3.0,14.7972,12.0,23.0,21.0,19.8,12.9799,2.8806,0.1475,2.2501
62.0,UE-02,124.0,145.9,6.0,-74.6426,-3.0,12.9917,11.0,21.0,20.0,18.9,11.5237,1.9489,0.3098,2.8082
62.5,UE-02,125.0,145.2,0.2,-71.1119,-3.0,13.1778,11.0,21.0,25.0,23.6,14.446,3.5468,0.2324,2.4883
63.0,UE-02,126.0,144.2,0.1,-70.762,-3.0,11.993,11.0,21.0,18.0,17.0,9.1697,1.7533,0.2854,2.6976
63.5,UE-02,127.0,145.0,6.0,-70.8558,-3.0,16.5679,13.0,25.0,22.0,20.8,16.3725,3.0182,0.1384,1.7284
64.0,UE-02,128.0,147.4,11.8,-72.3166,-3.0,13.6052,12.0,23.0,21.0,19.8,13.7063,1.937,0.2568,2.5811
64.5,UE-02,129.0,151.2,17.3,-70.144,-3.0,19.0707,13.0,25.0,16.0,15.1,11.1874,1.2074,0.2592,2.0884
65.0,UE-02,130.0,156.4,22.7,-64.3758,-3.0,15.9127,12.0,23.0,15.0,14.2,10.2429,1.4362,0.1543,2.3552
65.5,UE-02,131.0,156.4,22.7,-61.9468,-3.0,14.7735,13.0,25.0,17.0,16.0,11.5989,1.055,0.1862,1.672
66.0,UE-02,132.0,156.5,22.7,-63.737,-3.0,12.1459,11.0,21.0,24.0,22.6,12.6964,2.8692,0.2121,2.6028
66.5,UE-02,133.0,156.5,22.6,-66.7989,-3.0,13.3451,12.0,23.0,22.0,20.8,13.5738,3.5067,0.1803,2.3124
67.0,UE-02,134.0,156.6,22.7,-63.5723,-3.0,13.3763,13.0,25.0,19.0,17.9,14.0328,2.5923,0.2191,2.0173
67.5,UE-02,135.0,156.6,22.7,-64.7981,-3.0,15.364,12.0,23.0,22.0,20.8,14.924,2.8681,0.1722,2.0809
68.0,UE-02,136.0,156.6,22.6,-63.3304,-3.0,16.0287,13.0,25.0,20.0,18.9,14.4233,1.9851,0.1494,1.7229
68.5,UE-02,137.0,156.8,22.7,-67.7843,-3.0,13.1161,12.0,23.0,21.0,19.8,13.0325,3.1361,0.1283,2.1968
69.0,UE-02,138.0,156.6,22.6,-62.5152,-3.0,15.9076,12.0,23.0,17.0,16.0,11.1726,2.4367,0.1708,2.7555
69.5,UE-02,139.0,156.7,22.6,-61.6218,-3.0,14.7116,13.0,25.0,18.0,17.0,12.4076,3.5284,0.1975,1.9327
70.0,UE-02,140.0,156.9,22.6,-68.1367,-3.0,12.1239,11.0,21.0,15.0,14.2,8.5108,0.7995,0.2,2.5084
70.5,UE-02,141.0,156.9,22.6,-66.3031,-3.0,11.9074,11.0,21.0,12.0,11.3,6.7907,0.8129,0.0511,2.3698
71.0,UE-02,142.0,156.8,22.5,-56.8611,-3.0,17.4179,14.0,27.0,19.0,17.9,15.2175,4.0931,0.1065,1.7355
71.5,UE-02,143.0,151.8,17.3,-65.9755,-3.0,13.3911,12.0,23.0,24.0,22.6,15.5356,2.9368,0.1785,2.3401
72.0,UE-02,144.0,148.1,11.7,-70.6306,-3.0,14.59,12.0,23.0,21.0,19.8,14.7251,2.8042,0.0422,2.1793
72.5,UE-02,145.0,145.9,6.0,-71.1088,-3.0,12.509,11.0,21.0,20.0,18.9,10.2211,2.4627,0.1821,2.7687
73.0,UE-02,146.0,145.2,0.2,-74.3296,-3.0,11.689,11.0,21.0,25.0,23.6,15.2356,3.4528,0.1597,2.9585
73.5,UE-02,147.0,144.2,0.1,-70.0211,-3.0,12.1691,11.0,21.0,18.0,17.0,10.0856,1.4133,0.2039,2.6974
74.0,UE-02,148.0,145.0,6.0,-73.2216,-3.0,14.8282,13.0,25.0,22.0,20.8,16.1216,2.9273,0.1424,2.3968
74.5,UE-02,149.0,147.4,11.8,-72.3759,-3.0,13.2718,12.0,23.0,21.0,19.8,12.133,2.1136,0.2512,2.8653
75.0,UE-02,150.0,151.2,17.3,-67.1676,-3.0,15.456,13.0,25.0,16.0,15.1,10.5329,1.5626,0.2453,2.4085
75.5,UE-02,151.0,156.4,22.7,-66.2928,-3.0,13.3463,12.0,23.0,15.0,14.2,9.9834,1.8708,0.1574,2.2121
76.0,UE-02,152.0,156.4,22.7,-64.2646,-3.0,16.2001,13.0,25.0,17.0,16.0,12.1718,1.2999,0.2373,2.0998
76.5,UE-02,153.0,156.5,22.7,-63.3566,-3.0,11.9291,11.0,21.0,24.0,22.6,13.9705,2.8235,0.2062,2.2662
77.0,UE-02,154.0,156.5,22.6,-65.9826,-3.0,13.2395,12.0,23.0,22.0,20.8,14.3941,3.3076,0.2219,2.2177
77.5,UE-02,155.0,156.6,22.7,-61.6754,-3.0,16.1476,13.0,25.0,19.0,17.9,12.3191,2.7713,0.3189,2.2338
78.0,UE-02,156.0,156.6,22.7,-66.2951,-3.0,14.9615,12.0,23.0,22.0,20.8,14.0356,2.8658,0.2487,2.4728
78.5,UE-02,157.0,156.6,22.6,-61.5292,-3.0,15.6611,13.0,25.0,20.0,18.9,15.2276,2.3904,0.2191,2.0625
79.0,UE-02,158.0,156.8,22.7,-72.4556,-3.0,15.8188,12.0,23.0,21.0,19.8,13.7255,3.7643,0.2688,2.3798
79.5,UE-02,159.0,156.6,22.6,-61.9513,-3.0,14.9447,12.0,23.0,17.0,16.0,11.4112,2.6293,0.2942,2.6658
80.0,UE-02,160.0,156.7,22.6,-62.7118,-3.0,15.358,13.0,25.0,18.0,17.0,12.4401,3.3942,0.38,2.0052
80.5,UE-02,161.0,156.9,22.6,-71.3858,-3.0,11.6714,11.0,21.0,15.0,14.2,7.3858,0.9293,0.363,2.9236
81.0,UE-02,162.0,156.9,22.6,-65.196,-3.0,10.3437,11.0,21.0,12.0,11.3,6.1129,0.6381,0.2375,2.7624
81.5,UE-02,163.0,156.8,22.5,-57.1714,-3.0,17.8494,14.0,27.0,19.0,17.9,14.3773,4.2663,0.2724,1.51
82.0,UE-02,164.0,151.8,17.3,-67.4948,-3.0,15.0104,12.0,23.0,24.0,22.6,15.9887,2.9586,0.4492,2.4386
82.5,UE-02,165.0,148.1,11.7,-70.6072,-3.0,15.1362,12.0,23.0,21.0,19.8,14.3467,2.8756,0.3163,2.6771
83.0,UE-02,166.0,145.9,6.0,-75.5386,-3.0,13.0954,11.0,21.0,20.0,18.9,11.8967,2.4802,0.3983,2.9636
83.5,UE-02,167.0,145.2,0.2,-71.1596,-3.0,13.8584,11.0,21.0,25.0,23.6,14.9036,3.7724,0.3653,2.7275
84.0,UE-02,168.0,144.2,0.1,-70.6497,-3.0,14.6544,11.0,21.0,18.0,17.0,10.708,1.7979,0.4792,3.3298
84.5,UE-02,169.0,145.0,6.0,-71.3095,-3.0,17.067,13.0,25.0,22.0,20.8,17.1142,3.2179,0.4191,2.2957
85.0,UE-02,170.0,147.4,11.8,-72.7711,-3.0,12.9687,12.0,23.0,21.0,19.8,12.8227,2.3782,0.5519,2.925
85.5,UE-02,171.0,151.2,17.3,-65.84,-3.0,14.6689,13.0,25.0,16.0,15.1,11.4113,1.3848,0.5533,2.8619
86.0,UE-02,172.0,156.4,22.7,-64.719,-3.0,13.839,12.0,23.0,15.0,14.2,9.9889,2.1026,0.467,2.523
86.5,UE-02,173.0,156.4,22.7,-62.9385,-3.0,18.4161,13.0,25.0,17.0,16.0,13.2411,1.8854,0.5177,2.6926
87.0,UE-02,174.0,156.5,22.7,-61.9838,-3.0,11.9097,11.0,21.0,24.0,22.6,13.0934,2.9219,0.5797,3.3513
87.5,UE-02,175.0,156.5,22.6,-65.2014,-3.0,13.8505,12.0,23.0,22.0,20.8,13.3764,4.0386,0.628,2.4497
88.0,UE-02,176.0,156.6,22.7,-59.6407,-3.0,16.741,13.0,25.0,19.0,17.9,13.7835,3.2869,0.6513,2.3352
88.5,UE-02,177.0,156.6,22.7,-63.6405,-3.0,13.8185,12.0,23.0,22.0,20.8,14.3768,3.625,0.6449,2.7538
89.0,UE-02,178.0,156.6,22.6,-61.4296,-3.0,17.2941,13.0,25.0,20.0,18.9,15.1789,2.9777,0.6889,2.1604
89.5,UE-02,179.0,156.8,22.7,-70.726,-3.0,15.7897,12.0,23.0,21.0,19.8,13.9873,4.0493,0.6602,2.4871
90.0,UE-02,180.0,156.6,22.6,-65.1713,-3.0,13.1617,12.0,23.0,17.0,16.0,11.957,2.9571,0.721,2.6805
90.5,UE-02,181.0,156.7,22.6,-64.1648,-3.0,16.2103,13.0,25.0,18.0,17.0,12.6494,4.1738,0.7659,2.4686
91.0,UE-02,182.0,156.9,22.6,-67.2475,-3.0,14.2228,11.0,21.0,15.0,14.2,8.9037,1.0623,0.7871,3.4835
91.5,UE-02,183.0,156.9,22.6,-65.3258,-3.0,14.4369,11.0,21.0,12.0,11.3,6.5443,1.2698,0.6961,3.133
92.0,UE-02,184.0,156.8,22.5,-57.7303,-3.0,18.5731,14.0,27.0,19.0,17.9,15.8912,4.9878,0.7841,2.0536
92.5,UE-02,185.0,151.8,17.3,-68.3744,-3.0,13.9559,12.0,23.0,24.0,22.6,15.8478,3.8665,0.9075,2.7819
93.0,UE-02,186.0,148.1,11.7,-70.8709,-3.0,16.9612,12.0,23.0,21.0,19.8,15.5616,3.2065,0.7858,2.5084
93.5,UE-02,187.0,145.9,6.0,-75.1267,-3.0,13.5551,11.0,21.0,20.0,18.9,12.7133,2.778,0.954,3.4826
94.0,UE-02,188.0,145.2,0.2,-72.1392,-3.0,11.9892,11.0,21.0,25.0,23.6,15.4854,4.1935,0.9088,3.2971
94.5,UE-02,189.0,144.2,0.1,-70.5936,-3.0,13.3409,11.0,21.0,18.0,17.0,10.2905,2.184,1.0,3.3404
95.0,UE-02,190.0,145.0,6.0,-68.3503,-3.0,17.7926,13.0,25.0,22.0,20.8,17.3417,4.3124,0.9005,2.8304
95.5,UE-02,191.0,147.4,11.8,-71.643,-3.0,15.0741,12.0,23.0,21.0,19.8,13.4225,3.0699,1.0,3.5924
96.0,UE-02,192.0,151.2,17.3,-69.5329,-3.0,16.8282,13.0,25.0,16.0,15.1,11.9931,2.1612,1.0,2.9426
96.5,UE-02,193.0,156.4,22.7,-66.3146,-3.0,16.2427,12.0,23.0,15.0,14.2,10.2408,2.865,0.9965,3.2137
97.0,UE-02,194.0,156.4,22.7,-62.0553,-3.0,16.9875,13.0,25.0,17.0,16.0,13.2109,2.3847,1.0,2.7612
97.5,UE-02,195.0,156.5,22.7,-62.9767,-3.0,10.94,11.0,21.0,24.0,22.6,14.6367,3.8793,1.0,3.5611
98.0,UE-02,196.0,156.5,22.6,-65.2304,-3.0,14.2846,12.0,23.0,22.0,20.8,15.2366,4.0999,1.0,3.1428
98.5,UE-02,197.0,156.6,22.7,-59.9754,-3.0,17.2328,13.0,25.0,19.0,17.9,14.4144,4.0592,1.0,3.0317
99.0,UE-02,198.0,156.6,22.7,-63.2648,-3.0,14.9413,12.0,23.0,22.0,20.8,14.9355,3.8675,1.0,3.6457
99.5,UE-02,199.0,156.6,22.6,-64.1736,-3.0,17.3072,13.0,25.0,20.0,18.9,14.9927,3.2993,1.0,3.0298
100.0,UE-02,200.0,156.8,22.7,-71.368,-3.0,14.5715,12.0,23.0,21.0,19.8,14.2091,4.2817,1.0,3.6502
100.5,UE-02,201.0,156.6,22.6,-63.6326,-3.0,14.8459,12.0,23.0,17.0,16.0,11.6167,3.6034,1.0,3.2827
101.0,UE-02,202.0,156.7,22.6,-62.5643,-3.0,16.8232,13.0,25.0,18.0,17.0,13.7709,4.6486,1.0,2.963
101.5,UE-02,203.0,156.9,22.6,-65.229,-3.0,13.4117,11.0,21.0,15.0,14.2,8.9961,1.6755,1.0,4.2471
102.0,UE-02,204.0,156.9,22.6,-61.8426,-3.0,13.9484,11.0,21.0,12.0,11.3,7.1581,1.9204,1.0,3.7923
102.5,UE-02,205.0,156.8,22.5,-58.7124,-3.0,18.1724,14.0,27.0,19.0,17.9,16.436,5.5965,1.0,2.801
103.0,UE-02,206.0,151.8,17.3,-65.6405,-3.0,16.3351,12.0,23.0,24.0,22.6,15.8028,4.3137,1.0,3.8679
103.5,UE-02,207.0,148.1,11.7,-68.1698,-3.0,14.8822,12.0,23.0,21.0,19.8,15.0767,4.0228,1.0,3.0776
104.0,UE-02,208.0,145.9,6.0,-74.9982,-3.0,14.3664,11.0,21.0,20.0,18.9,11.9794,3.4147,1.0,3.8832
104.5,UE-02,209.0,145.2,0.2,-71.7873,-3.0,14.9277,11.0,21.0,25.0,23.6,16.3136,4.7255,1.0,4.3819
105.0,UE-02,210.0,144.2,0.1,-69.2618,-3.0,13.0169,11.0,21.0,18.0,17.0,11.3165,2.4659,1.0,4.4976
105.5,UE-02,211.0,145.0,6.0,-67.5733,-3.0,19.2332,13.0,25.0,22.0,20.8,17.8082,4.3935,1.0,3.3551
106.0,UE-02,212.0,147.4,11.8,-71.1007,-3.0,16.1475,12.0,23.0,21.0,19.8,14.3638,3.7644,1.0,4.0644
106.5,UE-02,213.0,151.2,17.3,-65.3395,-3.0,18.2287,13.0,25.0,16.0,15.1,12.5358,2.3699,1.0,3.821
107.0,UE-02,214.0,156.4,22.7,-68.1224,-3.0,17.2699,12.0,23.0,15.0,14.2,10.648,3.4813,1.0,3.2455
107.5,UE-02,215.0,156.4,22.7,-61.8502,-3.0,18.3672,13.0,25.0,17.0,16.0,13.2783,2.7674,1.0,3.7844
108.0,UE-02,216.0,156.5,22.7,-63.8303,-3.0,14.1246,11.0,21.0,24.0,22.6,14.0366,3.9771,1.0,3.8236
108.5,UE-02,217.0,156.5,22.6,-66.2755,-3.0,14.6671,12.0,23.0,22.0,20.8,15.6781,4.9059,1.0,3.5821
109.0,UE-02,218.0,156.6,22.7,-59.1205,-3.0,17.4174,13.0,25.0,19.0,17.9,14.7834,4.0379,1.0,4.0027
109.5,UE-02,219.0,156.6,22.7,-63.8453,-3.0,16.5749,12.0,23.0,22.0,20.8,16.6103,4.2476,1.0,3.9297
110.0,UE-02,220.0,156.6,22.6,-65.2094,-3.0,17.4119,13.0,25.0,20.0,18.9,16.8353,3.9367,1.0,3.3489
110.5,UE-02,221.0,156.8,22.7,-69.5264,-3.0,17.6959,12.0,23.0,21.0,19.8,15.542,4.511,1.0,3.5795
111.0,UE-02,222.0,156.6,22.6,-59.6444,-3.0,16.967,12.0,23.0,17.0,16.0,12.4054,3.5506,1.0,3.342
111.5,UE-02,223.0,156.7,22.6,-60.5871,-3.0,15.7801,13.0,25.0,18.0,17.0,13.4894,4.7111,1.0,3.4919
112.0,UE-02,224.0,156.9,22.6,-67.5339,-3.0,14.62,11.0,21.0,15.0,14.2,10.2927,2.4301,1.0,4.3242
112.5,UE-02,225.0,156.9,22.6,-65.2067,-3.0,16.5766,11.0,21.0,12.0,11.3,8.4355,1.7597,1.0,3.7889
113.0,UE-02,226.0,156.8,22.5,-54.8052,-3.0,17.2345,14.0,27.0,19.0,17.9,18.0541,6.1199,1.0,2.9772
113.5,UE-02,227.0,151.8,17.3,-65.0143,-3.0,17.4232,12.0,23.0,24.0,22.6,17.3262,4.4385,1.0,3.7015
114.0,UE-02,228.0,148.1,11.7,-68.4373,-3.0,18.2153,12.0,23.0,21.0,19.8,15.3624,4.0723,1.0,3.2527
114.5,UE-02,229.0,145.9,6.0,-70.0196,-3.0,13.269,11.0,21.0,20.0,18.9,12.7957,4.0804,1.0,4.6052
115.0,UE-02,230.0,145.2,0.2,-71.9054,-3.0,15.4946,11.0,21.0,25.0,23.6,16.4442,5.0876,1.0,4.1562
115.5,UE-02,231.0,144.2,0.1,-71.1664,-3.0,13.6552,11.0,21.0,18.0,17.0,11.2964,2.8359,1.0,4.3469
116.0,UE-02,232.0,145.0,6.0,-67.5869,-3.0,18.6972,13.0,25.0,22.0,20.8,18.9324,4.6857,1.0,3.3994
116.5,UE-02,233.0,147.4,11.8,-72.9227,-3.0,13.3893,12.0,23.0,21.0,19.8,15.6251,3.5281,1.0,4.2602
117.0,UE-02,234.0,151.2,17.3,-63.0154,-3.0,19.22,13.0,25.0,16.0,15.1,12.5682,3.1566,1.0,3.9341
117.5,UE-02,235.0,156.4,22.7,-65.7303,-3.0,16.0213,12.0,23.0,15.0,14.2,12.1285,3.3838,1.0,3.5639
118.0,UE-02,236.0,156.4,22.7,-60.057,-3.0,19.2404,13.0,25.0,17.0,16.0,14.1507,3.3012,1.0,3.7839
118.5,UE-02,237.0,156.5,22.7,-60.858,-3.0,13.3576,11.0,21.0,24.0,22.6,15.4821,4.4282,1.0,4.2471
119.0,UE-02,238.0,156.5,22.6,-62.5421,-3.0,14.9187,12.0,23.0,22.0,20.8,15.3918,5.3057,1.0,3.5747
119.5,UE-02,239.0,156.6,22.7,-59.0492,-3.0,18.4512,13.0,25.0,19.0,17.9,15.2015,3.809,1.0,3.5069
0.0,UE-03,0.0,108.2,0.1,-77.662,-3.0,8.6575,9.0,16.0,23.0,21.7,9.6005,1.9223,0.9681,4.8832
0.5,UE-03,1.0,104.8,8.4,-71.2101,-3.0,11.0344,10.0,18.0,22.0,20.8,10.4983,1.624,0.9919,4.37
1.0,UE-03,2.0,103.9,16.8,-65.2899,-3.0,9.1915,10.0,18.0,16.0,15.1,7.934,2.6368,0.8935,3.9606
1.5,UE-03,3.0,105.7,25.2,-53.8724,-3.0,15.9516,12.0,23.0,21.0,19.8,13.2979,3.3492,1.0,3.1421
2.0,UE-03,4.0,110.1,33.2,-48.1723,-3.0,17.8376,13.0,25.0,20.0,18.9,16.7847,3.1303,0.82,2.4355
2.5,UE-03,5.0,107.5,34.1,-57.3297,-3.0,15.6612,12.0,23.0,11.0,10.4,7.9943,1.4736,0.9179,3.3315
3.0,UE-03,6.0,105.4,34.9,-59.8006,-3.0,15.1353,12.0,23.0,12.0,11.3,8.0251,2.4095,1.0,3.5605
3.5,UE-03,7.0,103.6,35.6,-52.0956,-3.0,21.0928,14.0,27.0,11.0,10.4,9.5576,2.0353,1.0,2.6081
4.0,UE-03,8.0,102.5,36.2,-62.1301,-3.0,11.4643,10.0,18.0,12.0,11.3,5.0627,2.0667,1.0,4.063
4.5,UE-03,9.0,101.5,36.4,-53.8547,-3.0,16.4761,12.0,23.0,11.0,10.4,8.2471,2.6635,1.0,3.5646
5.0,UE-03,10.0,101.1,36.5,-50.5143,-3.0,19.1618,14.0,27.0,10.0,9.4,9.1512,3.2957,1.0,2.4685
5.5,UE-03,11.0,101.5,36.6,-48.3298,-3.0,16.9561,13.0,25.0,5.0,4.7,4.2157,1.3565,1.0,2.7355
6.0,UE-03,12.0,101.8,36.2,-49.1643,-3.0,20.1598,14.0,27.0,17.0,16.0,15.2275,3.8496,1.0,2.8467
6.5,UE-03,13.0,103.0,35.8,-47.5008,-3.0,14.8696,12.0,23.0,12.0,11.3,8.6487,1.6655,1.0,3.3519
7.0,UE-03,14.0,104.7,35.2,-48.9804,-3.0,17.5285,13.0,25.0,15.0,14.2,12.8129,2.6304,1.0,3.3868
7.5,UE-03,15.0,106.6,34.4,-57.821,-3.0,12.7975,11.0,21.0,25.0,23.6,16.4549,5.5337,1.0,3.784
8.0,UE-03,16.0,108.8,33.4,-55.486,-3.0,11.1359,11.0,21.0,14.0,13.2,7.3705,2.6473,1.0,4.2332
8.5,UE-03,17.0,104.4,25.6,-54.7464,-3.0,14.2384,12.0,23.0,18.0,17.0,12.8062,3.7804,1.0,3.5803
9.0,UE-03,18.0,102.4,17.1,-54.185,-3.0,18.6142,13.0,25.0,11.0,10.4,9.2321,2.5535,1.0,3.2741
9.5,UE-03,19.0,103.1,8.5,-60.8968,-3.0,16.9938,12.0,23.0,15.0,14.2,11.3279,3.508,1.0,3.0886
10.0,UE-03,20.0,106.3,0.3,-74.764,-3.0,11.1864,9.0,16.0,20.0,18.9,9.0161,2.7733,1.0,5.4186
10.5,UE-03,21.0,108.2,0.1,-75.8272,-3.0,12.0606,9.0,16.0,23.0,21.7,10.3636,2.544,1.0,5.3097
11.0,UE-03,22.0,104.8,8.4,-69.7521,-3.0,10.5448,10.0,18.0,22.0,20.8,11.2773,2.0063,1.0,4.855
11.5,UE-03,23.0,103.9,16.8,-59.5091,-3.0,12.6943,10.0,18.0,16.0,15.1,8.2859,2.9286,1.0,4.3927
12.0,UE-03,24.0,105.7,25.2,-53.7968,-3.0,15.6939,12.0,23.0,21.0,19.8,14.6813,4.059,1.0,4.1104
12.5,UE-03,25.0,110.1,33.2,-49.2553,-3.0,19.0351,13.0,25.0,20.0,18.9,16.9898,4.1488,1.0,3.0219
13.0,UE-03,26.0,107.5,34.1,-54.9148,-3.0,13.6376,12.0,23.0,11.0,10.4,8.5911,2.2059,1.0,3.1424
13.5,UE-03,27.0,105.4,34.9,-60.6456,-3.0,15.102,12.0,23.0,12.0,11.3,8.9009,2.8338,1.0,4.1801
14.0,UE-03,28.0,103.6,35.6,-47.0503,-3.0,19.336,14.0,27.0,11.0,10.4,10.2026,2.7717,1.0,2.6529
14.5,UE-03,29.0,102.5,36.2,-62.3593,-3.0,9.5676,10.0,18.0,12.0,11.3,5.8119,2.6484,1.0,4.9961
15.0,UE-03,30.0,101.5,36.4,-54.0244,-3.0,16.8383,12.0,23.0,11.0,10.4,8.5723,3.3049,1.0,3.4082
15.5,UE-03,31.0,101.1,36.5,-51.1041,-3.0,18.9647,14.0,27.0,10.0,9.4,8.1639,3.4847,1.0,3.1383
16.0,UE-03,32.0,101.5,36.6,-49.9566,-3.0,18.034,13.0,25.0,5.0,4.7,4.1037,1.5931,1.0,3.3506
16.5,UE-03,33.0,101.8,36.2,-49.6354,-3.0,18.3956,14.0,27.0,17.0,16.0,16.2794,4.8166,1.0,3.4417
17.0,UE-03,34.0,103.0,35.8,-48.3426,-3.0,17.0021,12.0,23.0,12.0,11.3,8.2919,2.1002,1.0,3.5797
17.5,UE-03,35.0,104.7,35.2,-45.1857,-3.0,18.1595,13.0,25.0,15.0,14.2,12.781,3.2777,1.0,3.5113
18.0,UE-03,36.0,106.6,34.4,-55.1886,-3.0,15.4077,11.0,21.0,25.0,23.6,15.461,5.6701,1.0,3.8917
18.5,UE-03,37.0,108.8,33.4,-53.991,-3.0,13.4132,11.0,21.0,14.0,13.2,9.2556,3.234,1.0,4.7279
19.0,UE-03,38.0,104.4,25.6,-57.137,-3.0,16.1708,12.0,23.0,18.0,17.0,12.1636,4.104,1.0,3.5347
19.5,UE-03,39.0,102.4,17.1,-55.6446,-3.0,18.5617,13.0,25.0,11.0,10.4,8.8729,2.9173,1.0,3.1536
20.0,UE-03,40.0,103.1,8.5,-60.9033,-3.0,15.8049,12.0,23.0,15.0,14.2,11.4346,4.2113,1.0,3.5298
20.5,UE-03,41.0,106.3,0.3,-72.1245,-3.0,11.5843,9.0,16.0,20.0,18.9,9.004,2.9326,1.0,5.2132
21.0,UE-03,42.0,108.2,0.1,-77.2,-3.0,10.332,9.0,16.0,23.0,21.7,9.9162,2.7954,1.0,5.6172
21.5,UE-03,43.0,104.8,8.4,-72.0728,-3.0,11.7377,10.0,18.0,22.0,20.8,11.5967,2.3706,1.0,4.8433
22.0,UE-03,44.0,103.9,16.8,-62.2504,-3.0,13.2522,10.0,18.0,16.0,15.1,9.5905,3.3437,1.0,4.7943
22.5,UE-03,45.0,105.7,25.2,-54.3902,-3.0,14.6038,12.0,23.0,21.0,19.8,15.0978,4.0954,1.0,4.4428
23.0,UE-03,46.0,110.1,33.2,-49.7619,-3.0,18.0922,13.0,25.0,20.0,18.9,18.095,3.5411,1.0,2.7698
23.5,UE-03,47.0,107.5,34.1,-54.7843,-3.0,17.4576,12.0,23.0,11.0,10.4,8.6418,2.5438,1.0,3.7845
24.0,UE-03,48.0,105.4,34.9,-58.2197,-3.0,17.364,12.0,23.0,12.0,11.3,8.9695,3.2026,1.0,3.9089
24.5,UE-03,49.0,103.6,35.6,-49.3665,-3.0,19.8587,14.0,27.0,11.0,10.4,10.8578,2.9745,1.0,3.1676
25.0,UE-03,50.0,102.5,36.2,-61.2351,-3.0,11.0131,10.0,18.0,12.0,11.3,6.9489,2.3067,1.0,4.9134
25.5,UE-03,51.0,101.5,36.4,-52.465,-3.0,15.4161,12.0,23.0,11.0,10.4,8.8726,3.2148,1.0,3.7571
26.0,UE-03,52.0,101.1,36.5,-49.3495,-3.0,20.3898,14.0,27.0,10.0,9.4,10.0682,3.8471,1.0,2.9512
26.5,UE-03,53.0,101.5,36.6,-50.6374,-3.0,17.5554,13.0,25.0,5.0,4.7,4.1338,1.7762,1.0,3.4772
27.0,UE-03,54.0,101.8,36.2,-50.7651,-3.0,20.4816,14.0,27.0,17.0,16.0,16.043,5.1084,1.0,3.565
27.5,UE-03,55.0,103.0,35.8,-49.5963,-3.0,15.4723,12.0,23.0,12.0,11.3,8.8215,2.1764,1.0,3.5354
28.0,UE-03,56.0,104.7,35.2,-47.0077,-3.0,16.19,13.0,25.0,15.0,14.2,12.8121,2.5575,1.0,3.3955
28.5,UE-03,57.0,106.6,34.4,-54.8841,-3.0,15.3312,11.0,21.0,25.0,23.6,15.979,5.8851,1.0,4.4433
29.0,UE-03,58.0,108.8,33.4,-53.0921,-3.0,12.5997,11.0,21.0,14.0,13.2,9.0556,2.978,1.0,4.339
29.5,UE-03,59.0,104.4,25.6,-57.5566,-3.0,15.3255,12.0,23.0,18.0,17.0,13.2354,4.1213,1.0,3.5531
30.0,UE-03,60.0,102.4,17.1,-51.5509,-3.0,19.444,13.0,25.0,11.0,10.4,9.8682,2.9422,1.0,3.1645
30.5,UE-03,61.0,103.1,8.5,-59.3046,-3.0,15.0321,12.0,23.0,15.0,14.2,11.1791,3.8873,1.0,3.3569
31.0,UE-03,62.0,106.3,0.3,-73.4608,-3.0,8.5917,9.0,16.0,20.0,18.9,9.0246,3.0541,1.0,5.4746
31.5,UE-03,63.0,108.2,0.1,-76.0259,-3.0,9.8068,9.0,16.0,23.0,21.7,10.9205,2.4115,1.0,5.0558
32.0,UE-03,64.0,104.8,8.4,-72.1042,-3.0,11.0737,10.0,18.0,22.0,20.8,11.7896,2.3052,1.0,4.7543
32.5,UE-03,65.0,103.9,16.8,-63.1182,-3.0,11.5722,10.0,18.0,16.0,15.1,9.1136,3.3808,1.0,4.4083
33.0,UE-03,66.0,105.7,25.2,-53.4236,-3.0,14.1992,12.0,23.0,21.0,19.8,14.7503,3.7157,1.0,4.1241
33.5,UE-03,67.0,110.1,33.2,-47.5978,-3.0,18.8601,13.0,25.0,20.0,18.9,17.5179,3.5636,1.0,3.0383
34.0,UE-03,68.0,107.5,34.1,-54.5604,-3.0,15.5142,12.0,23.0,11.0,10.4,7.9971,2.4872,1.0,3.0137
34.5,UE-03,69.0,105.4,34.9,-59.515,-3.0,14.8506,12.0,23.0,12.0,11.3,8.8443,3.127,1.0,4.1337
35.0,UE-03,70.0,103.6,35.6,-50.0853,-3.0,20.214,14.0,27.0,11.0,10.4,9.9568,2.5736,1.0,2.8522
35.5,UE-03,71.0,102.5,36.2,-61.6594,-3.0,9.9384,10.0,18.0,12.0,11.3,6.438,2.3703,1.0,4.1007
36.0,UE-03,72.0,101.5,36.4,-55.8742,-3.0,15.8781,12.0,23.0,11.0,10.4,8.7742,3.2132,1.0,3.3799
36.5,UE-03,73.0,101.1,36.5,-52.2428,-3.0,18.3999,14.0,27.0,10.0,9.4,9.262,3.3153,1.0,2.7231
37.0,UE-03,74.0,101.5,36.6,-49.5876,-3.0,15.3311,13.0,25.0,5.0,4.7,4.7406,1.0892,1.0,2.5438
37.5,UE-03,75.0,101.8,36.2,-51.1208,-3.0,19.3521,14.0,27.0,17.0,16.0,14.0964,4.3033,1.0,3.0368
38.0,UE-03,76.0,103.0,35.8,-48.786,-3.0,15.5232,12.0,23.0,12.0,11.3,8.8437,1.7776,1.0,3.1355
38.5,UE-03,77.0,104.7,35.2,-47.5659,-3.0,17.6559,13.0,25.0,15.0,14.2,11.7509,2.5059,1.0,2.8665
39.0,UE-03,78.0,106.6,34.4,-57.6124,-3.0,14.1222,11.0,21.0,25.0,23.6,15.4475,5.4876,1.0,3.9183
39.5,UE-03,79.0,108.8,33.4,-54.562,-3.0,12.0987,11.0,21.0,14.0,13.2,9.0069,2.6359,1.0,4.3182
40.0,UE-03,80.0,104.4,25.6,-55.0887,-3.0,14.8691,12.0,23.0,18.0,17.0,12.1419,3.3727,1.0,3.5668
40.5,UE-03,81.0,102.4,17.1,-52.5096,-3.0,17.4057,13.0,25.0,11.0,10.4,8.965,2.5674,1.0,2.9883
41.0,UE-03,82.0,103.1,8.5,-59.8692,-3.0,16.573,12.0,23.0,15.0,14.2,11.33,3.4767,1.0,3.2177
41.5,UE-03,83.0,106.3,0.3,-74.6673,-3.0,9.7056,9.0,16.0,20.0,18.9,8.1707,2.5595,1.0,4.883
42.0,UE-03,84.0,108.2,0.1,-77.3683,-3.0,7.5964,9.0,16.0,23.0,21.7,9.384,2.1077,1.0,5.1359
42.5,UE-03,85.0,104.8,8.4,-69.2695,-3.0,10.6256,10.0,18.0,22.0,20.8,11.5338,1.6529,1.0,4.4771
43.0,UE-03,86.0,103.9,16.8,-61.8583,-3.0,11.3926,10.0,18.0,16.0,15.1,8.5589,2.9692,1.0,3.684
43.5,UE-03,87.0,105.7,25.2,-55.3597,-3.0,15.5683,12.0,23.0,21.0,19.8,13.4188,3.3973,1.0,3.9056
44.0,UE-03,88.0,110.1,33.2,-50.6978,-3.0,17.4554,13.0,25.0,20.0,18.9,16.3644,3.2944,0.8825,2.8929
44.5,UE-03,89.0,107.5,34.1,-58.4648,-3.0,16.2925,12.0,23.0,11.0,10.4,8.1659,2.0856,0.9092,2.9833
45.0,UE-03,90.0,105.4,34.9,-59.4058,-3.0,13.9128,12.0,23.0,12.0,11.3,8.4649,2.334,1.0,3.8244
45.5,UE-03,91.0,103.6,35.6,-49.7989,-3.0,21.6763,14.0,27.0,11.0,10.4,9.8379,1.6578,0.9357,2.2209
46.0,UE-03,92.0,102.5,36.2,-62.8524,-3.0,7.7067,10.0,18.0,12.0,11.3,6.6095,2.0353,1.0,3.8475
46.5,UE-03,93.0,101.5,36.4,-53.8565,-3.0,14.4978,12.0,23.0,11.0,10.4,8.0127,2.8524,0.9581,2.8343
47.0,UE-03,94.0,101.1,36.5,-50.1493,-3.0,18.6258,14.0,27.0,10.0,9.4,8.7268,3.2284,0.9313,2.4396
47.5,UE-03,95.0,101.5,36.6,-48.9,-3.0,17.1048,13.0,25.0,5.0,4.7,4.1617,0.9826,0.9425,2.501
48.0,UE-03,96.0,101.8,36.2,-51.5053,-3.0,19.3126,14.0,27.0,17.0,16.0,14.1875,3.8906,0.9094,2.4675
48.5,UE-03,97.0,103.0,35.8,-50.9241,-3.0,15.558,12.0,23.0,12.0,11.3,8.0199,1.6033,0.8564,3.1416
49.0,UE-03,98.0,104.7,35.2,-44.8958,-3.0,19.0842,13.0,25.0,15.0,14.2,12.2776,2.2214,0.7022,2.4874
49.5,UE-03,99.0,106.6,34.4,-59.2915,-3.0,13.2395,11.0,21.0,25.0,23.6,14.5133,5.186,0.7936,3.3522
50.0,UE-03,100.0,108.8,33.4,-54.2699,-3.0,11.9197,11.0,21.0,14.0,13.2,7.9775,2.0011,0.8102,3.7179
50.5,UE-03,101.0,104.4,25.6,-54.1125,-3.0,14.902,12.0,23.0,18.0,17.0,11.9189,3.2646,0.7594,2.9622
51.0,UE-03,102.0,102.4,17.1,-53.0948,-3.0,17.1232,13.0,25.0,11.0,10.4,7.1897,1.482,0.6956,2.5863
51.5,UE-03,103.0,103.1,8.5,-61.8152,-3.0,15.2975,12.0,23.0,15.0,14.2,11.2221,3.4226,0.608,2.5745
52.0,UE-03,104.0,106.3,0.3,-72.9128,-3.0,9.1258,9.0,16.0,20.0,18.9,7.9638,2.3893,0.6801,4.0309
52.5,UE-03,105.0,108.2,0.1,-78.4728,-3.0,8.4485,9.0,16.0,23.0,21.7,10.1467,1.5541,0.7079,4.4586
53.0,UE-03,106.0,104.8,8.4,-70.2669,-3.0,10.4669,10.0,18.0,22.0,20.8,10.3286,1.563,0.6267,4.1741
53.5,UE-03,107.0,103.9,16.8,-62.1706,-3.0,10.3162,10.0,18.0,16.0,15.1,8.1126,2.5471,0.5173,3.2383
54.0,UE-03,108.0,105.7,25.2,-52.2561,-3.0,14.2976,12.0,23.0,21.0,19.8,13.6782,3.3083,0.665,2.8891
54.5,UE-03,109.0,110.1,33.2,-47.7324,-3.0,16.6814,13.0,25.0,20.0,18.9,15.8111,2.5872,0.378,1.7815
55.0,UE-03,110.0,107.5,34.1,-56.3135,-3.0,13.9581,12.0,23.0,11.0,10.4,6.9629,1.6441,0.3857,2.4214
55.5,UE-03,111.0,105.4,34.9,-59.7761,-3.0,13.9779,12.0,23.0,12.0,11.3,8.0717,1.7845,0.5726,2.9729
56.0,UE-03,112.0,103.6,35.6,-48.1292,-3.0,19.4081,14.0,27.0,11.0,10.4,9.2729,1.7463,0.4316,1.9804
56.5,UE-03,113.0,102.5,36.2,-64.7758,-3.0,10.0826,10.0,18.0,12.0,11.3,5.7909,1.346,0.5427,3.4325
57.0,UE-03,114.0,101.5,36.4,-56.4923,-3.0,15.3075,12.0,23.0,11.0,10.4,7.5278,2.1664,0.4516,2.5134
57.5,UE-03,115.0,101.1,36.5,-53.1543,-3.0,16.9507,14.0,27.0,10.0,9.4,8.2369,2.0556,0.4222,1.6717
58.0,UE-03,116.0,101.5,36.6,-51.6221,-3.0,17.0666,13.0,25.0,5.0,4.7,2.9482,0.2034,0.4249,1.8228
58.5,UE-03,117.0,101.8,36.2,-52.9871,-3.0,17.8421,14.0,27.0,17.0,16.0,14.6504,2.9066,0.3458,2.1372
59.0,UE-03,118.0,103.0,35.8,-50.3984,-3.0,12.2684,12.0,23.0,12.0,11.3,7.9174,0.9211,0.3107,2.3313
59.5,UE-03,119.0,104.7,35.2,-47.4297,-3.0,19.3861,13.0,25.0,15.0,14.2,11.8147,1.5283,0.2406,2.4809
60.0,UE-03,120.0,106.6,34.4,-57.146,-3.0,12.6945,11.0,21.0,25.0,23.6,13.9109,4.4133,0.3088,3.065
60.5,UE-03,121.0,108.8,33.4,-53.7123,-3.0,10.6611,11.0,21.0,14.0,13.2,7.6177,1.6172,0.3383,3.2634
61.0,UE-03,122.0,104.4,25.6,-58.118,-3.0,13.1064,12.0,23.0,18.0,17.0,11.6781,2.6669,0.2779,2.3917
61.5,UE-03,123.0,102.4,17.1,-54.0566,-3.0,17.2301,13.0,25.0,11.0,10.4,7.6052,1.7761,0.2592,1.6469
62.0,UE-03,124.0,103.1,8.5,-60.2764,-3.0,14.6112,12.0,23.0,15.0,14.2,9.7021,2.5652,0.1842,2.0271
62.5,UE-03,125.0,106.3,0.3,-74.5494,-3.0,7.0924,9.0,16.0,20.0,18.9,7.8802,1.0568,0.2782,3.9658
63.0,UE-03,126.0,108.2,0.1,-80.4507,-3.0,8.2426,9.0,16.0,23.0,21.7,9.6313,1.3811,0.2524,4.0193
63.5,UE-03,127.0,104.8,8.4,-71.9132,-3.0,11.1261,10.0,18.0,22.0,20.8,9.8045,1.0708,0.2645,2.7923
64.0,UE-03,128.0,103.9,16.8,-64.5877,-3.0,11.1807,10.0,18.0,16.0,15.1,8.1549,1.7015,0.0955,3.1737
64.5,UE-03,129.0,105.7,25.2,-54.1926,-3.0,14.4084,12.0,23.0,21.0,19.8,12.9296,2.6127,0.2802,2.7641
65.0,UE-03,130.0,110.1,33.2,-49.004,-3.0,17.2513,13.0,25.0,20.0,18.9,15.6001,2.1798,0.0,1.4154
65.5,UE-03,131.0,107.5,34.1,-58.4374,-3.0,16.1495,12.0,23.0,11.0,10.4,7.2993,0.908,0.0225,2.0839
66.0,UE-03,132.0,105.4,34.9,-59.2607,-3.0,11.8003,12.0,23.0,12.0,11.3,6.8336,1.3944,0.2648,2.7678
66.5,UE-03,133.0,103.6,35.6,-50.1478,-3.0,16.4465,14.0,27.0,11.0,10.4,8.6935,1.2761,0.0909,1.4545
67.0,UE-03,134.0,102.5,36.2,-64.7406,-3.0,6.9552,10.0,18.0,12.0,11.3,4.6252,1.1834,0.2288,3.1375
67.5,UE-03,135.0,101.5,36.4,-56.0211,-3.0,12.4302,12.0,23.0,11.0,10.4,5.892,1.6832,0.1495,2.3098
68.0,UE-03,136.0,101.1,36.5,-50.9318,-3.0,18.4782,14.0,27.0,10.0,9.4,7.7771,1.737,0.1515,1.9073
68.5,UE-03,137.0,101.5,36.6,-50.5968,-3.0,15.1454,13.0,25.0,5.0,4.7,3.4368,0.0589,0.1862,1.5136
69.0,UE-03,138.0,101.8,36.2,-49.9313,-3.0,16.2398,14.0,27.0,17.0,16.0,14.1371,2.9357,0.1202,1.7479
69.5,UE-03,139.0,103.0,35.8,-52.3402,-3.0,12.3459,12.0,23.0,12.0,11.3,7.7907,0.5817,0.124,2.6752
70.0,UE-03,140.0,104.7,35.2,-48.545,-3.0,17.7413,13.0,25.0,15.0,14.2,10.4118,1.3548,0.0513,2.0524
70.5,UE-03,141.0,106.6,34.4,-57.065,-3.0,13.1112,11.0,21.0,25.0,23.6,15.141,4.0458,0.1046,2.7767
71.0,UE-03,142.0,108.8,33.4,-55.7777,-3.0,12.1431,11.0,21.0,14.0,13.2,7.204,1.5825,0.128,3.0815
71.5,UE-03,143.0,104.4,25.6,-56.0984,-3.0,13.4683,12.0,23.0,18.0,17.0,11.2863,2.1851,0.1759,2.7523
72.0,UE-03,144.0,102.4,17.1,-55.1336,-3.0,15.5056,13.0,25.0,11.0,10.4,8.0964,1.075,0.0936,1.8755
72.5,UE-03,145.0,103.1,8.5,-63.7988,-3.0,15.223,12.0,23.0,15.0,14.2,9.7435,2.6738,0.0924,2.1613
73.0,UE-03,146.0,106.3,0.3,-72.3087,-3.0,8.746,9.0,16.0,20.0,18.9,7.6226,1.406,0.1397,3.8288
73.5,UE-03,147.0,108.2,0.1,-77.1126,-3.0,6.5832,9.0,16.0,23.0,21.7,8.5913,1.1185,0.1391,4.0857
74.0,UE-03,148.0,104.8,8.4,-74.0952,-3.0,10.7552,10.0,18.0,22.0,20.8,10.6315,0.9546,0.2087,3.3821
74.5,UE-03,149.0,103.9,16.8,-64.6872,-3.0,9.992,10.0,18.0,16.0,15.1,8.1753,1.667,0.1207,2.4654
75.0,UE-03,150.0,105.7,25.2,-56.7443,-3.0,13.442,12.0,23.0,21.0,19.8,12.4297,2.4847,0.2078,2.307
75.5,UE-03,151.0,110.1,33.2,-46.9374,-3.0,15.702,13.0,25.0,20.0,18.9,15.2814,2.1109,0.0,1.4814
76.0,UE-03,152.0,107.5,34.1,-59.5701,-3.0,14.0,12.0,23.0,11.0,10.4,7.8196,0.4978,0.0373,2.1896
76.5,UE-03,153.0,105.4,34.9,-58.7037,-3.0,14.0387,12.0,23.0,12.0,11.3,6.9958,1.4582,0.3022,2.7979
77.0,UE-03,154.0,103.6,35.6,-48.6979,-3.0,20.3256,14.0,27.0,11.0,10.4,7.9489,1.4859,0.1221,1.7469
77.5,UE-03,155.0,102.5,36.2,-63.3218,-3.0,10.2403,10.0,18.0,12.0,11.3,5.6025,1.2661,0.2613,3.0778
78.0,UE-03,156.0,101.5,36.4,-52.0033,-3.0,14.8859,12.0,23.0,11.0,10.4,7.3795,1.372,0.2153,2.0211
78.5,UE-03,157.0,101.1,36.5,-52.8964,-3.0,18.078,14.0,27.0,10.0,9.4,7.8131,1.9384,0.2056,1.7121
79.0,UE-03,158.0,101.5,36.6,-51.2765,-3.0,16.71,13.0,25.0,5.0,4.7,2.0134,0.5191,0.3064,2.201
79.5,UE-03,159.0,101.8,36.2,-50.2993,-3.0,19.627,14.0,27.0,17.0,16.0,14.0833,3.3435,0.2415,2.1658
80.0,UE-03,160.0,103.0,35.8,-48.4108,-3.0,13.4734,12.0,23.0,12.0,11.3,7.004,0.7723,0.3023,2.06
80.5,UE-03,161.0,104.7,35.2,-49.434,-3.0,18.2466,13.0,25.0,15.0,14.2,11.1395,1.0713,0.1884,2.3733
81.0,UE-03,162.0,106.6,34.4,-56.8361,-3.0,14.7261,11.0,21.0,25.0,23.6,14.4749,4.4762,0.2886,2.8695
81.5,UE-03,163.0,108.8,33.4,-55.023,-3.0,11.3647,11.0,21.0,14.0,13.2,6.7131,1.6036,0.3167,2.8918
82.0,UE-03,164.0,104.4,25.6,-56.5936,-3.0,16.2508,12.0,23.0,18.0,17.0,11.5495,2.5571,0.3751,2.2929
82.5,UE-03,165.0,102.4,17.1,-53.9048,-3.0,16.134,13.0,25.0,11.0,10.4,7.8979,1.728,0.347,2.3037
83.0,UE-03,166.0,103.1,8.5,-63.4028,-3.0,15.8601,12.0,23.0,15.0,14.2,10.4025,2.793,0.2767,2.5019
83.5,UE-03,167.0,106.3,0.3,-73.7578,-3.0,7.0809,9.0,16.0,20.0,18.9,8.3795,1.7382,0.425,3.8462
84.0,UE-03,168.0,108.2,0.1,-78.7176,-3.0,8.7973,9.0,16.0,23.0,21.7,9.1003,1.4802,0.4448,4.343
84.5,UE-03,169.0,104.8,8.4,-70.8164,-3.0,10.8954,10.0,18.0,22.0,20.8,10.6319,1.1122,0.5035,3.7759
85.0,UE-03,170.0,103.9,16.8,-62.278,-3.0,10.9731,10.0,18.0,16.0,15.1,8.1995,2.0607,0.4043,3.1284
85.5,UE-03,171.0,105.7,25.2,-55.7146,-3.0,14.0284,12.0,23.0,21.0,19.8,12.9373,2.7334,0.5628,2.5177
86.0,UE-03,172.0,110.1,33.2,-47.113,-3.0,17.0563,13.0,25.0,20.0,18.9,16.6017,2.4687,0.3149,1.4302
86.5,UE-03,173.0,107.5,34.1,-57.0478,-3.0,16.2169,12.0,23.0,11.0,10.4,7.6057,1.1604,0.349,2.2181
87.0,UE-03,174.0,105.4,34.9,-60.3163,-3.0,12.9168,12.0,23.0,12.0,11.3,7.4552,1.776,0.6176,2.738
87.5,UE-03,175.0,103.6,35.6,-51.8572,-3.0,19.9008,14.0,27.0,11.0,10.4,8.6748,1.4441,0.5092,1.8069
88.0,UE-03,176.0,102.5,36.2,-64.2761,-3.0,8.3447,10.0,18.0,12.0,11.3,4.3202,1.6902,0.6527,3.7346
88.5,UE-03,177.0,101.5,36.4,-55.8289,-3.0,12.7426,12.0,23.0,11.0,10.4,7.4834,2.4334,0.6122,2.73
89.0,UE-03,178.0,101.1,36.5,-53.7342,-3.0,19.5091,14.0,27.0,10.0,9.4,7.9906,2.7812,0.6787,2.0253
89.5,UE-03,179.0,101.5,36.6,-52.001,-3.0,17.7279,13.0,25.0,5.0,4.7,2.9418,0.8233,0.7329,2.1532
90.0,UE-03,180.0,101.8,36.2,-51.7574,-3.0,19.8705,14.0,27.0,17.0,16.0,14.3176,3.484,0.7365,2.2093
90.5,UE-03,181.0,103.0,35.8,-49.1162,-3.0,15.7246,12.0,23.0,12.0,11.3,8.311,1.0296,0.7467,2.6868
91.0,UE-03,182.0,104.7,35.2,-47.7213,-3.0,16.463,13.0,25.0,15.0,14.2,11.7781,2.1316,0.6398,2.5496
91.5,UE-03,183.0,106.6,34.4,-54.0842,-3.0,10.9685,11.0,21.0,25.0,23.6,14.6216,4.6882,0.7672,3.6202
92.0,UE-03,184.0,108.8,33.4,-54.0608,-3.0,11.2586,11.0,21.0,14.0,13.2,7.6241,2.0935,0.8354,3.7676
92.5,UE-03,185.0,104.4,25.6,-57.2515,-3.0,12.4513,12.0,23.0,18.0,17.0,12.1167,2.8368,0.8206,3.3647
93.0,UE-03,186.0,102.4,17.1,-51.6068,-3.0,16.0651,13.0,25.0,11.0,10.4,9.3462,2.1983,0.8322,2.2663
93.5,UE-03,187.0,103.1,8.5,-60.3946,-3.0,17.4257,12.0,23.0,15.0,14.2,10.1626,3.0749,0.8023,3.1374
94.0,UE-03,188.0,106.3,0.3,-73.9228,-3.0,9.5555,9.0,16.0,20.0,18.9,8.5896,2.2229,0.9189,4.6612
94.5,UE-03,189.0,108.2,0.1,-77.4172,-3.0,7.9586,9.0,16.0,23.0,21.7,9.845,2.1565,0.9744,4.7949
95.0,UE-03,190.0,104.8,8.4,-71.7831,-3.0,10.7756,10.0,18.0,22.0,20.8,10.7824,1.9251,1.0,4.2415
95.5,UE-03,191.0,103.9,16.8,-64.7422,-3.0,12.6094,10.0,18.0,16.0,15.1,8.6342,3.0496,0.9212,4.1242
96.0,UE-03,192.0,105.7,25.2,-55.5799,-3.0,14.1436,12.0,23.0,21.0,19.8,13.3016,3.5696,1.0,3.9846
96.5,UE-03,193.0,110.1,33.2,-48.3409,-3.0,19.3923,13.0,25.0,20.0,18.9,16.643,3.0152,0.8232,2.2666
97.0,UE-03,194.0,107.5,34.1,-57.9028,-3.0,15.1827,12.0,23.0,11.0,10.4,8.6694,1.7673,0.8944,3.1371
97.5,UE-03,195.0,105.4,34.9,-56.7373,-3.0,14.3965,12.0,23.0,12.0,11.3,7.6082,2.3396,1.0,3.4188
98.0,UE-03,196.0,103.6,35.6,-51.4829,-3.0,21.122,14.0,27.0,11.0,10.4,10.3014,2.2189,1.0,2.2388
98.5,UE-03,197.0,102.5,36.2,-61.0792,-3.0,12.0244,10.0,18.0,12.0,11.3,4.6811,1.7589,1.0,4.2405
99.0,UE-03,198.0,101.5,36.4,-53.7941,-3.0,16.5675,12.0,23.0,11.0,10.4,8.0995,2.496,1.0,2.6741
99.5,UE-03,199.0,101.1,36.5,-49.292,-3.0,19.1478,14.0,27.0,10.0,9.4,8.1701,2.8351,1.0,2.2938
100.0,UE-03,200.0,101.5,36.6,-49.2329,-3.0,18.7807,13.0,25.0,5.0,4.7,3.6797,1.6492,1.0,2.9382
100.5,UE-03,201.0,101.8,36.2,-50.805,-3.0,19.1277,14.0,27.0,17.0,16.0,15.252,4.4754,1.0,2.9752
101.0,UE-03,202.0,103.0,35.8,-45.9595,-3.0,15.6657,12.0,23.0,12.0,11.3,9.2125,1.8247,1.0,3.0536
101.5,UE-03,203.0,104.7,35.2,-47.542,-3.0,19.2658,13.0,25.0,15.0,14.2,11.9083,2.4882,1.0,3.0879
102.0,UE-03,204.0,106.6,34.4,-58.0863,-3.0,13.1153,11.0,21.0,25.0,23.6,15.1493,5.9374,1.0,3.8489
102.5,UE-03,205.0,108.8,33.4,-52.2066,-3.0,11.9941,11.0,21.0,14.0,13.2,8.0499,2.8105,1.0,3.979
103.0,UE-03,206.0,104.4,25.6,-55.1769,-3.0,15.2757,12.0,23.0,18.0,17.0,12.6924,3.5339,1.0,3.3167
103.5,UE-03,207.0,102.4,17.1,-54.4209,-3.0,19.0078,13.0,25.0,11.0,10.4,9.9726,3.0064,1.0,2.6734
104.0,UE-03,208.0,103.1,8.5,-63.0758,-3.0,16.9581,12.0,23.0,15.0,14.2,11.4986,4.0052,1.0,3.696
104.5,UE-03,209.0,106.3,0.3,-77.6923,-3.0,9.5157,9.0,16.0,20.0,18.9,9.1462,2.7495,1.0,4.8991
105.0,UE-03,210.0,108.2,0.1,-76.9138,-3.0,9.0665,9.0,16.0,23.0,21.7,10.3224,2.3052,1.0,5.1271
105.5,UE-03,211.0,104.8,8.4,-70.3653,-3.0,10.9834,10.0,18.0,22.0,20.8,10.7655,2.1159,1.0,4.5799
106.0,UE-03,212.0,103.9,16.8,-62.3367,-3.0,12.3344,10.0,18.0,16.0,15.1,8.1132,3.4932,1.0,4.3762
106.5,UE-03,213.0,105.7,25.2,-55.9015,-3.0,16.2527,12.0,23.0,21.0,19.8,14.7858,3.9664,1.0,4.2629
107.0,UE-03,214.0,110.1,33.2,-46.2261,-3.0,17.4406,13.0,25.0,20.0,18.9,17.6339,3.4049,1.0,3.0332
107.5,UE-03,215.0,107.5,34.1,-56.8983,-3.0,16.7019,12.0,23.0,11.0,10.4,8.5219,2.1791,1.0,3.2062
108.0,UE-03,216.0,105.4,34.9,-58.6853,-3.0,15.049,12.0,23.0,12.0,11.3,8.4274,3.1094,1.0,3.613
108.5,UE-03,217.0,103.6,35.6,-47.0708,-3.0,20.0891,14.0,27.0,11.0,10.4,9.601,2.4945,1.0,2.8366
109.0,UE-03,218.0,102.5,36.2,-62.7367,-3.0,10.3174,10.0,18.0,12.0,11.3,6.5618,2.3994,1.0,4.6123
109.5,UE-03,219.0,101.5,36.4,-53.099,-3.0,15.8639,12.0,23.0,11.0,10.4,8.15,3.5477,1.0,3.7152
110.0,UE-03,220.0,101.1,36.5,-51.0209,-3.0,19.5622,14.0,27.0,10.0,9.4,8.7572,3.4027,1.0,3.0149
110.5,UE-03,221.0,101.5,36.6,-48.7828,-3.0,16.0923,13.0,25.0,5.0,4.7,4.4761,1.7421,1.0,3.4081
111.0,UE-03,222.0,101.8,36.2,-49.2353,-3.0,18.9725,14.0,27.0,17.0,16.0,15.239,4.7089,1.0,3.8219
111.5,UE-03,223.0,103.0,35.8,-48.7655,-3.0,15.7656,12.0,23.0,12.0,11.3,9.5301,2.2572,1.0,3.8581
112.0,UE-03,224.0,104.7,35.2,-48.5253,-3.0,18.5234,13.0,25.0,15.0,14.2,12.9174,2.8821,1.0,3.2046
112.5,UE-03,225.0,106.6,34.4,-57.3489,-3.0,15.1452,11.0,21.0,25.0,23.6,15.6354,5.8767,1.0,4.3184
113.0,UE-03,226.0,108.8,33.4,-53.5581,-3.0,12.7468,11.0,21.0,14.0,13.2,9.4719,3.0958,1.0,4.6921
113.5,UE-03,227.0,104.4,25.6,-55.1487,-3.0,14.6122,12.0,23.0,18.0,17.0,13.254,3.8826,1.0,3.6469
114.0,UE-03,228.0,102.4,17.1,-52.2122,-3.0,19.8427,13.0,25.0,11.0,10.4,9.9648,2.8171,1.0,3.5332
114.5,UE-03,229.0,103.1,8.5,-61.0303,-3.0,16.3074,12.0,23.0,15.0,14.2,11.975,3.9737,1.0,3.3421
115.0,UE-03,230.0,106.3,0.3,-72.1447,-3.0,11.7383,9.0,16.0,20.0,18.9,9.1904,3.0735,1.0,5.0661
115.5,UE-03,231.0,108.2,0.1,-76.6413,-3.0,10.9679,9.0,16.0,23.0,21.7,9.8043,2.5084,1.0,5.1949
116.0,UE-03,232.0,104.8,8.4,-73.0406,-3.0,11.9599,10.0,18.0,22.0,20.8,11.4267,2.8836,1.0,4.7796
116.5,UE-03,233.0,103.9,16.8,-60.3776,-3.0,11.5205,10.0,18.0,16.0,15.1,8.426,3.3316,1.0,4.4081
117.0,UE-03,234.0,105.7,25.2,-52.2857,-3.0,16.3105,12.0,23.0,21.0,19.8,14.7769,3.939,1.0,4.3926
117.5,UE-03,235.0,110.1,33.2,-52.147,-3.0,19.2745,13.0,25.0,20.0,18.9,16.5649,3.7484,1.0,3.2956
118.0,UE-03,236.0,107.5,34.1,-55.8633,-3.0,16.3064,12.0,23.0,11.0,10.4,8.9681,2.1274,1.0,3.607
118.5,UE-03,237.0,105.4,34.9,-60.8526,-3.0,16.2859,12.0,23.0,12.0,11.3,9.1972,3.3548,1.0,4.1821
119.0,UE-03,238.0,103.6,35.6,-51.2237,-3.0,19.8747,14.0,27.0,11.0,10.4,10.8909,2.6324,1.0,2.843
119.5,UE-03,239.0,102.5,36.2,-62.3438,-3.0,12.4855,10.0,18.0,12.0,11.3,6.6348,2.23,1.0,5.1453
0.0,UE-04,0.0,356.1,0.0,-88.0914,-6.8,-3.7125,3.0,4.0,60.0,56.6,5.0279,0.7569,0.9478,12.1386
0.5,UE-04,1.0,356.5,2.4,-102.7912,-9.2,-7.9856,1.0,0.0,58.0,54.7,1.711,0.6351,0.989,19.4447
1.0,UE-04,2.0,357.5,4.8,-88.7521,-6.4,-2.9037,3.0,4.0,64.0,60.4,6.1068,0.6033,1.0,12.335
1.5,UE-04,3.0,359.2,7.2,-90.4938,-8.3,-3.7515,2.0,2.0,64.0,60.4,3.1057,0.7503,1.0,15.2575
2.0,UE-04,4.0,361.5,9.6,-87.9878,-6.1,-4.1731,3.0,4.0,66.0,62.3,5.392,0.7107,1.0,11.9041
2.5,UE-04,5.0,361.6,9.6,-86.8211,-5.7,-2.7194,4.0,6.0,72.0,67.9,8.4299,1.7233,1.0,10.533
3.0,UE-04,6.0,361.7,9.6,-85.5783,-5.1,-1.48,4.0,6.0,64.0,60.4,7.9153,1.2709,1.0,9.8669
3.5,UE-04,7.0,361.8,9.6,-92.4189,-6.0,-3.3649,3.0,4.0,67.0,63.2,5.0369,2.266,1.0,12.2977
4.0,UE-04,8.0,361.9,9.6,-91.3564,-6.2,-3.3283,3.0,4.0,69.0,65.1,7.0405,1.0466,1.0,11.5965
4.5,UE-04,9.0,362.0,9.6,-86.9804,-5.9,-4.0239,3.0,4.0,67.0,63.2,4.8675,2.0218,1.0,12.1408
5.0,UE-04,10.0,362.1,9.6,-83.3066,-4.9,-2.793,4.0,6.0,71.0,67.0,7.0412,1.8653,1.0,11.8309
5.5,UE-04,11.0,362.2,9.6,-94.4736,-6.8,-2.6699,2.0,2.0,75.0,70.8,4.0614,1.0602,1.0,14.9979
6.0,UE-04,12.0,362.2,9.5,-80.2262,-4.0,-0.1075,5.0,8.0,66.0,62.3,10.9262,2.3033,1.0,8.8283
6.5,UE-04,13.0,362.4,9.6,-78.6844,-6.0,-0.3103,4.0,6.0,70.0,66.0,7.4298,2.5734,1.0,10.5117
7.0,UE-04,14.0,362.5,9.6,-84.7925,-4.9,-1.8688,4.0,6.0,71.0,67.0,8.8404,2.756,1.0,10.0534
7.5,UE-04,15.0,362.5,9.6,-98.8108,-7.5,-4.2906,3.0,4.0,63.0,59.4,3.6154,1.7018,1.0,14.5135
8.0,UE-04,16.0,362.6,9.5,-90.064,-6.4,-6.3788,3.0,4.0,68.0,64.2,4.4106,1.182,1.0,14.1845
8.5,UE-04,17.0,360.5,7.2,-92.8518,-6.9,-3.4793,2.0,2.0,58.0,54.7,2.6195,1.4505,1.0,15.3031
9.0,UE-04,18.0,359.1,4.8,-89.2136,-6.1,-2.3851,3.0,4.0,69.0,65.1,7.0184,2.1986,1.0,12.4347
9.5,UE-04,19.0,358.2,2.4,-87.995,-6.0,-1.8099,3.0,4.0,66.0,62.3,6.1446,2.1822,1.0,11.8116
10.0,UE-04,20.0,358.0,0.1,-97.5542,-6.7,-4.3334,3.0,4.0,56.0,52.8,3.3196,1.0121,1.0,14.1978
10.5,UE-04,21.0,356.1,0.0,-91.0615,-6.8,-3.0252,3.0,4.0,60.0,56.6,4.3621,1.4339,1.0,13.1171
11.0,UE-04,22.0,356.5,2.4,-99.0392,-9.2,-6.2499,1.0,0.0,58.0,54.7,2.0066,0.8266,1.0,19.4945
11.5,UE-04,23.0,357.5,4.8,-88.8849,-6.4,-1.0328,3.0,4.0,64.0,60.4,5.4915,1.8148,1.0,12.5978
12.0,UE-04,24.0,359.2,7.2,-91.2168,-8.3,-6.3392,2.0,2.0,64.0,60.4,2.751,1.399,1.0,15.7379
12.5,UE-04,25.0,361.5,9.6,-85.6402,-6.1,-3.9951,3.0,4.0,66.0,62.3,5.709,1.4681,1.0,12.6864
13.0,UE-04,26.0,361.6,9.6,-87.8175,-5.7,-0.2287,4.0,6.0,72.0,67.9,9.0265,2.4245,1.0,10.6226
13.5,UE-04,27.0,361.7,9.6,-86.9293,-5.1,-0.4,4.0,6.0,64.0,60.4,7.9926,1.6986,1.0,10.7683
14.0,UE-04,28.0,361.8,9.6,-91.8573,-6.0,-1.6211,3.0,4.0,67.0,63.2,6.4878,2.5493,1.0,12.9743
14.5,UE-04,29.0,361.9,9.6,-90.0347,-6.2,-2.5096,3.0,4.0,69.0,65.1,5.7594,1.9045,1.0,12.4269
15.0,UE-04,30.0,362.0,9.6,-90.8903,-5.9,-1.6042,3.0,4.0,67.0,63.2,5.5213,2.036,1.0,12.5289
15.5,UE-04,31.0,362.1,9.6,-85.3187,-4.9,0.6279,4.0,6.0,71.0,67.0,7.0292,2.6578,1.0,12.4991
16.0,UE-04,32.0,362.2,9.6,-94.6038,-6.8,-4.0515,2.0,2.0,75.0,70.8,4.9058,1.685,1.0,15.5128
16.5,UE-04,33.0,362.2,9.5,-78.6303,-4.0,1.6315,5.0,8.0,66.0,62.3,10.4889,3.3347,1.0,8.976
17.0,UE-04,34.0,362.4,9.6,-75.7153,-6.0,-0.8807,4.0,6.0,70.0,66.0,8.0373,2.7164,1.0,11.2331
17.5,UE-04,35.0,362.5,9.6,-83.8605,-4.9,0.6653,4.0,6.0,71.0,67.0,8.0717,2.722,1.0,10.6573
18.0,UE-04,36.0,362.5,9.6,-96.6807,-7.5,-3.4668,3.0,4.0,63.0,59.4,4.1529,1.7646,1.0,14.9316
18.5,UE-04,37.0,362.6,9.5,-90.1221,-6.4,-3.2615,3.0,4.0,68.0,64.2,5.5025,1.4569,1.0,14.3637
19.0,UE-04,38.0,360.5,7.2,-94.7004,-6.9,-4.3076,2.0,2.0,58.0,54.7,3.5784,1.5348,1.0,15.8343
19.5,UE-04,39.0,359.1,4.8,-86.1818,-6.1,-3.3705,3.0,4.0,69.0,65.1,6.3874,2.7656,1.0,12.4765
20.0,UE-04,40.0,358.2,2.4,-92.0991,-6.0,-1.7859,3.0,4.0,66.0,62.3,6.4181,2.4029,1.0,11.8261
20.5,UE-04,41.0,358.0,0.1,-97.6754,-6.7,-3.0703,3.0,4.0,56.0,52.8,4.2518,1.5542,1.0,14.3176
21.0,UE-04,42.0,356.1,0.0,-86.7334,-6.8,-2.5724,3.0,4.0,60.0,56.6,5.4679,1.6917,1.0,13.4248
21.5,UE-04,43.0,356.5,2.4,-100.8223,-9.2,-5.9039,1.0,0.0,58.0,54.7,2.0445,1.3497,1.0,19.8213
22.0,UE-04,44.0,357.5,4.8,-89.3727,-6.4,-0.8874,3.0,4.0,64.0,60.4,5.5367,1.9442,1.0,12.6087
22.5,UE-04,45.0,359.2,7.2,-90.2123,-8.3,-4.4606,2.0,2.0,64.0,60.4,4.2999,1.3857,1.0,16.0808
23.0,UE-04,46.0,361.5,9.6,-86.9647,-6.1,-3.3236,3.0,4.0,66.0,62.3,7.0943,1.8269,1.0,12.9342
23.5,UE-04,47.0,361.6,9.6,-84.5152,-5.7,0.0712,4.0,6.0,72.0,67.9,8.792,2.2552,1.0,11.1519
24.0,UE-04,48.0,361.7,9.6,-86.0594,-5.1,0.6539,4.0,6.0,64.0,60.4,7.5308,1.6552,1.0,11.2285
24.5,UE-04,49.0,361.8,9.6,-90.169,-6.0,-4.0508,3.0,4.0,67.0,63.2,6.221,2.8221,1.0,13.1527
25.0,UE-04,50.0,361.9,9.6,-88.6314,-6.2,-1.581,3.0,4.0,69.0,65.1,6.374,1.7668,1.0,12.3609
25.5,UE-04,51.0,362.0,9.6,-89.6543,-5.9,-2.5378,3.0,4.0,67.0,63.2,6.2944,2.8182,1.0,12.7802
26.0,UE-04,52.0,362.1,9.6,-86.2127,-4.9,-2.5006,4.0,6.0,71.0,67.0,6.8555,2.3323,1.0,12.1998
26.5,UE-04,53.0,362.2,9.6,-94.8229,-6.8,-3.6163,2.0,2.0,75.0,70.8,5.3942,1.4165,1.0,15.4671
27.0,UE-04,54.0,362.2,9.5,-81.9924,-4.0,2.1295,5.0,8.0,66.0,62.3,11.4578,2.9215,1.0,9.2374
27.5,UE-04,55.0,362.4,9.6,-78.1998,-6.0,-0.5719,4.0,6.0,70.0,66.0,7.8075,2.9394,1.0,11.1765
28.0,UE-04,56.0,362.5,9.6,-85.8434,-4.9,0.9784,4.0,6.0,71.0,67.0,8.631,3.1008,1.0,10.9036
28.5,UE-04,57.0,362.5,9.6,-97.235,-7.5,-2.9224,3.0,4.0,63.0,59.4,4.3706,1.9288,1.0,14.824
29.0,UE-04,58.0,362.6,9.5,-91.4183,-6.4,-3.7244,3.0,4.0,68.0,64.2,4.5878,1.5927,1.0,14.0329
29.5,UE-04,59.0,360.5,7.2,-93.7078,-6.9,-5.1772,2.0,2.0,58.0,54.7,3.8352,1.4329,1.0,16.0823
30.0,UE-04,60.0,359.1,4.8,-87.7945,-6.1,-1.3939,3.0,4.0,69.0,65.1,6.9095,2.7673,1.0,12.2937
30.5,UE-04,61.0,358.2,2.4,-90.9,-6.0,-2.836,3.0,4.0,66.0,62.3,6.4354,2.3633,1.0,12.327
31.0,UE-04,62.0,358.0,0.1,-98.1917,-6.7,-4.0615,3.0,4.0,56.0,52.8,3.7641,1.0104,1.0,14.4151
31.5,UE-04,63.0,356.1,0.0,-89.6174,-6.8,-2.3144,3.0,4.0,60.0,56.6,5.3398,1.4592,1.0,13.538
32.0,UE-04,64.0,356.5,2.4,-99.293,-9.2,-6.6117,1.0,0.0,58.0,54.7,2.2464,1.208,1.0,19.8266
32.5,UE-04,65.0,357.5,4.8,-88.3568,-6.4,-2.7279,3.0,4.0,64.0,60.4,6.3715,1.2771,1.0,13.0236
33.0,UE-04,66.0,359.2,7.2,-89.3576,-8.3,-5.7541,2.0,2.0,64.0,60.4,3.4617,1.4561,1.0,15.6116
33.5,UE-04,67.0,361.5,9.6,-88.2775,-6.1,-3.728,3.0,4.0,66.0,62.3,5.7435,1.6745,1.0,12.2685
34.0,UE-04,68.0,361.6,9.6,-90.8926,-5.7,0.186,4.0,6.0,72.0,67.9,8.7013,2.6107,1.0,10.8129
34.5,UE-04,69.0,361.7,9.6,-85.8507,-5.1,-0.8674,4.0,6.0,64.0,60.4,8.2832,1.8209,1.0,10.5715
35.0,UE-04,70.0,361.8,9.6,-94.0924,-6.0,-3.9283,3.0,4.0,67.0,63.2,6.6178,2.2667,1.0,13.1175
35.5,UE-04,71.0,361.9,9.6,-87.4512,-6.2,-1.7985,3.0,4.0,69.0,65.1,5.9369,1.7067,1.0,12.4469
36.0,UE-04,72.0,362.0,9.6,-90.7787,-5.9,-2.4329,3.0,4.0,67.0,63.2,7.0562,2.3833,1.0,12.1238
36.5,UE-04,73.0,362.1,9.6,-84.0708,-4.9,-2.6323,4.0,6.0,71.0,67.0,7.2078,2.0977,1.0,12.1395
37.0,UE-04,74.0,362.2,9.6,-94.6399,-6.8,-3.6701,2.0,2.0,75.0,70.8,4.6992,0.949,1.0,15.141
37.5,UE-04,75.0,362.2,9.5,-79.9344,-4.0,0.8306,5.0,8.0,66.0,62.3,10.6165,2.7372,1.0,9.0539
38.0,UE-04,76.0,362.4,9.6,-79.0018,-6.0,-0.3103,4.0,6.0,70.0,66.0,8.4606,2.6461,1.0,10.9931
38.5,UE-04,77.0,362.5,9.6,-83.9697,-4.9,-0.1082,4.0,6.0,71.0,67.0,8.8322,2.7767,1.0,10.2043
39.0,UE-04,78.0,362.5,9.6,-97.8583,-7.5,-5.1869,3.0,4.0,63.0,59.4,3.614,1.8425,1.0,14.188
39.5,UE-04,79.0,362.6,9.5,-91.6191,-6.4,-3.2329,3.0,4.0,68.0,64.2,4.1588,1.1661,1.0,13.9666
40.0,UE-04,80.0,360.5,7.2,-92.4277,-6.9,-4.2476,2.0,2.0,58.0,54.7,3.2022,0.9274,1.0,15.3301
40.5,UE-04,81.0,359.1,4.8,-85.9652,-6.1,-1.6222,3.0,4.0,69.0,65.1,6.0504,2.1634,1.0,11.8959
41.0,UE-04,82.0,358.2,2.4,-88.591,-6.0,-2.5644,3.0,4.0,66.0,62.3,5.9573,2.0455,1.0,11.7667
41.5,UE-04,83.0,358.0,0.1,-97.7417,-6.7,-3.1882,3.0,4.0,56.0,52.8,3.2804,0.8261,1.0,13.8126
42.0,UE-04,84.0,356.1,0.0,-89.7447,-6.8,-3.8691,3.0,4.0,60.0,56.6,4.2145,1.1565,1.0,12.873
42.5,UE-04,85.0,356.5,2.4,-101.2137,-9.2,-7.3758,1.0,0.0,58.0,54.7,2.5361,1.164,1.0,19.3264
43.0,UE-04,86.0,357.5,4.8,-91.985,-6.4,-1.3117,3.0,4.0,64.0,60.4,4.9839,1.0787,1.0,12.3852
43.5,UE-04,87.0,359.2,7.2,-91.0352,-8.3,-5.6166,2.0,2.0,64.0,60.4,3.0571,0.5436,1.0,15.5427
44.0,UE-04,88.0,361.5,9.6,-88.2431,-6.1,-1.2017,3.0,4.0,66.0,62.3,5.2572,1.5373,1.0,11.9431
44.5,UE-04,89.0,361.6,9.6,-89.5077,-5.7,0.1668,4.0,6.0,72.0,67.9,7.2348,1.9727,1.0,10.7148
45.0,UE-04,90.0,361.7,9.6,-85.541,-5.1,-1.1561,4.0,6.0,64.0,60.4,8.2269,0.778,1.0,10.1686
45.5,UE-04,91.0,361.8,9.6,-93.8442,-6.0,-2.4308,3.0,4.0,67.0,63.2,4.9778,1.5815,1.0,12.1939
46.0,UE-04,92.0,361.9,9.6,-85.846,-6.2,-2.8254,3.0,4.0,69.0,65.1,5.1617,1.7573,1.0,11.8081
46.5,UE-04,93.0,362.0,9.6,-88.8673,-5.9,-2.3388,3.0,4.0,67.0,63.2,6.7392,1.5835,1.0,11.369
47.0,UE-04,94.0,362.1,9.6,-86.2166,-4.9,-3.3871,4.0,6.0,71.0,67.0,6.8626,1.4081,0.9904,11.9999
47.5,UE-04,95.0,362.2,9.6,-96.5076,-6.8,-4.8439,2.0,2.0,75.0,70.8,3.0965,0.4444,0.965,14.3539
48.0,UE-04,96.0,362.2,9.5,-81.6423,-4.0,0.2012,5.0,8.0,66.0,62.3,9.2126,2.2496,0.9204,8.5108
48.5,UE-04,97.0,362.4,9.6,-78.461,-6.0,-1.6419,4.0,6.0,70.0,66.0,7.9987,1.9657,0.8858,10.4352
49.0,UE-04,98.0,362.5,9.6,-85.3151,-4.9,-1.3238,4.0,6.0,71.0,67.0,8.582,2.4519,0.9155,9.7904
49.5,UE-04,99.0,362.5,9.6,-99.9853,-7.5,-6.3274,3.0,4.0,63.0,59.4,3.3031,1.5715,0.837,13.8129
50.0,UE-04,100.0,362.6,9.5,-90.2381,-6.4,-3.3546,3.0,4.0,68.0,64.2,3.5213,0.7052,0.8165,13.351
50.5,UE-04,101.0,360.5,7.2,-96.3202,-6.9,-5.7069,2.0,2.0,58.0,54.7,2.7828,0.4976,0.7757,14.9132
51.0,UE-04,102.0,359.1,4.8,-89.8766,-6.1,-3.3619,3.0,4.0,69.0,65.1,6.4104,1.898,0.8048,11.3053
51.5,UE-04,103.0,358.2,2.4,-90.0719,-6.0,-2.4611,3.0,4.0,66.0,62.3,5.5777,1.1656,0.7121,11.4503
52.0,UE-04,104.0,358.0,0.1,-98.0631,-6.7,-6.4296,3.0,4.0,56.0,52.8,3.747,0.3177,0.7687,13.2295
52.5,UE-04,105.0,356.1,0.0,-91.7672,-6.8,-2.6237,3.0,4.0,60.0,56.6,4.6207,0.3974,0.6796,12.5374
53.0,UE-04,106.0,356.5,2.4,-101.4543,-9.2,-9.5021,1.0,0.0,58.0,54.7,0.121,0.2424,0.6917,18.6751
53.5,UE-04,107.0,357.5,4.8,-91.5815,-6.4,-2.392,3.0,4.0,64.0,60.4,4.6152,0.2344,0.6667,12.0383
54.0,UE-04,108.0,359.2,7.2,-91.7737,-8.3,-6.9339,2.0,2.0,64.0,60.4,2.2397,0.5158,0.6255,14.6737
54.5,UE-04,109.0,361.5,9.6,-89.6734,-6.1,-3.3487,3.0,4.0,66.0,62.3,5.8772,0.6855,0.6248,11.4727
55.0,UE-04,110.0,361.6,9.6,-86.3314,-5.7,-0.5,4.0,6.0,72.0,67.9,7.8261,1.5482,0.5864,10.0003
55.5,UE-04,111.0,361.7,9.6,-87.4751,-5.1,-0.8723,4.0,6.0,64.0,60.4,7.3111,0.5365,0.5392,9.8403
56.0,UE-04,112.0,361.8,9.6,-94.8579,-6.0,-3.7493,3.0,4.0,67.0,63.2,5.0406,1.7546,0.575,11.6803
56.5,UE-04,113.0,361.9,9.6,-92.3702,-6.2,-1.5712,3.0,4.0,69.0,65.1,4.8992,0.8223,0.5134,11.3312
57.0,UE-04,114.0,362.0,9.6,-90.9684,-5.9,-4.7639,3.0,4.0,67.0,63.2,4.9172,1.1561,0.4568,11.1832
57.5,UE-04,115.0,362.1,9.6,-87.804,-4.9,-1.0088,4.0,6.0,71.0,67.0,5.9876,1.1449,0.4538,10.8391
58.0,UE-04,116.0,362.2,9.6,-94.9806,-6.8,-6.5383,2.0,2.0,75.0,70.8,3.6465,0.4119,0.4761,14.2243
58.5,UE-04,117.0,362.2,9.5,-79.9012,-4.0,-1.9142,5.0,8.0,66.0,62.3,8.8972,1.8243,0.4315,8.0505
59.0,UE-04,118.0,362.4,9.6,-81.0502,-6.0,-2.2388,4.0,6.0,70.0,66.0,7.4182,1.8205,0.4237,9.8119
59.5,UE-04,119.0,362.5,9.6,-83.4793,-4.9,-2.0128,4.0,6.0,71.0,67.0,7.6291,1.6076,0.3496,9.0774
60.0,UE-04,120.0,362.5,9.6,-99.1796,-7.5,-5.3088,3.0,4.0,63.0,59.4,3.475,0.1731,0.3335,13.1338
60.5,UE-04,121.0,362.6,9.5,-92.6084,-6.4,-3.9837,3.0,4.0,68.0,64.2,2.9585,0.0,0.3249,13.2062
61.0,UE-04,122.0,360.5,7.2,-96.6157,-6.9,-5.6062,2.0,2.0,58.0,54.7,1.8105,-0.1756,0.3,14.1223
61.5,UE-04,123.0,359.1,4.8,-88.8461,-6.1,-2.5795,3.0,4.0,69.0,65.1,5.7741,1.0271,0.3553,10.6741
62.0,UE-04,124.0,358.2,2.4,-91.7019,-6.0,-2.8197,3.0,4.0,66.0,62.3,4.7802,1.1257,0.3155,10.7328
62.5,UE-04,125.0,358.0,0.1,-97.2358,-6.7,-5.9878,3.0,4.0,56.0,52.8,2.1888,-0.2198,0.3091,13.0591
63.0,UE-04,126.0,356.1,0.0,-92.61,-6.8,-5.9516,3.0,4.0,60.0,56.6,3.0801,0.0308,0.2712,12.0752
63.5,UE-04,127.0,356.5,2.4,-102.2953,-9.2,-10.0,1.0,0.0,58.0,54.7,0.4849,-0.246,0.2757,18.3321
64.0,UE-04,128.0,357.5,4.8,-90.871,-6.4,-2.9803,3.0,4.0,64.0,60.4,5.0241,0.1925,0.2618,11.1631
64.5,UE-04,129.0,359.2,7.2,-91.8272,-8.3,-5.7083,2.0,2.0,64.0,60.4,2.8657,-0.0394,0.258,14.6142
65.0,UE-04,130.0,361.5,9.6,-86.1524,-6.1,-3.1941,3.0,4.0,66.0,62.3,4.9443,0.4186,0.2923,11.2213
65.5,UE-04,131.0,361.6,9.6,-89.9424,-5.7,-2.9778,4.0,6.0,72.0,67.9,7.7544,1.2694,0.2394,9.349
66.0,UE-04,132.0,361.7,9.6,-89.2441,-5.1,-2.3251,4.0,6.0,64.0,60.4,7.0446,0.2743,0.1821,9.4893
66.5,UE-04,133.0,361.8,9.6,-94.8533,-6.0,-2.2858,3.0,4.0,67.0,63.2,3.6358,0.6814,0.2051,11.2424
67.0,UE-04,134.0,361.9,9.6,-92.9035,-6.2,-3.3272,3.0,4.0,69.0,65.1,3.9026,0.6736,0.2332,10.8463
67.5,UE-04,135.0,362.0,9.6,-89.5572,-5.9,-3.6823,3.0,4.0,67.0,63.2,4.1233,0.525,0.2023,10.6363
68.0,UE-04,136.0,362.1,9.6,-87.5755,-4.9,-4.0066,4.0,6.0,71.0,67.0,6.0239,1.0275,0.2144,10.4752
68.5,UE-04,137.0,362.2,9.6,-96.2643,-6.8,-3.6816,2.0,2.0,75.0,70.8,2.827,0.0861,0.1898,14.0168
69.0,UE-04,138.0,362.2,9.5,-80.7991,-4.0,0.6921,5.0,8.0,66.0,62.3,9.3312,1.923,0.182,8.1386
69.5,UE-04,139.0,362.4,9.6,-78.0577,-6.0,-2.5573,4.0,6.0,70.0,66.0,6.0955,1.4942,0.1835,9.4846
70.0,UE-04,140.0,362.5,9.6,-86.1567,-4.9,-1.0524,4.0,6.0,71.0,67.0,7.4956,1.4452,0.2,9.1528
70.5,UE-04,141.0,362.5,9.6,-100.7179,-7.5,-6.4947,3.0,4.0,63.0,59.4,2.0368,0.269,0.2207,12.9984
71.0,UE-04,142.0,362.6,9.5,-91.7822,-6.4,-5.048,3.0,4.0,68.0,64.2,2.8369,-0.0638,0.2031,13.0063
71.5,UE-04,143.0,360.5,7.2,-94.5896,-6.9,-7.8438,2.0,2.0,58.0,54.7,1.5833,-0.2914,0.1478,14.3003
72.0,UE-04,144.0,359.1,4.8,-87.4288,-6.1,-4.3209,3.0,4.0,69.0,65.1,5.0487,1.1092,0.1884,11.0173
72.5,UE-04,145.0,358.2,2.4,-92.586,-6.0,-3.636,3.0,4.0,66.0,62.3,4.6448,0.3485,0.1534,10.4552
73.0,UE-04,146.0,358.0,0.1,-98.3665,-6.7,-6.0679,3.0,4.0,56.0,52.8,3.2114,-0.2355,0.2011,12.7585
73.5,UE-04,147.0,356.1,0.0,-92.4154,-6.8,-4.3334,3.0,4.0,60.0,56.6,4.0344,0.2597,0.177,11.4567
74.0,UE-04,148.0,356.5,2.4,-103.7163,-9.2,-9.3283,1.0,0.0,58.0,54.7,1.2352,-0.3109,0.2234,18.5063
74.5,UE-04,149.0,357.5,4.8,-88.8901,-6.4,-3.44,3.0,4.0,64.0,60.4,4.8128,0.0595,0.218,11.1636
75.0,UE-04,150.0,359.2,7.2,-89.7024,-8.3,-4.5822,2.0,2.0,64.0,60.4,1.9948,0.3217,0.2252,14.2195
75.5,UE-04,151.0,361.5,9.6,-91.7772,-6.1,-4.7655,3.0,4.0,66.0,62.3,3.7246,0.1305,0.2573,10.8163
76.0,UE-04,152.0,361.6,9.6,-89.4049,-5.7,-0.9156,4.0,6.0,72.0,67.9,6.9779,1.1948,0.2202,9.4787
76.5,UE-04,153.0,361.7,9.6,-88.0373,-5.1,0.6022,4.0,6.0,64.0,60.4,6.7069,0.543,0.2054,9.3356
77.0,UE-04,154.0,361.8,9.6,-91.6463,-6.0,-3.0664,3.0,4.0,67.0,63.2,4.7649,1.3586,0.2392,11.1332
77.5,UE-04,155.0,361.9,9.6,-90.3726,-6.2,-5.3508,3.0,4.0,69.0,65.1,4.7962,0.4197,0.2854,11.1836
78.0,UE-04,156.0,362.0,9.6,-88.7448,-5.9,-3.3957,3.0,4.0,67.0,63.2,5.0508,1.2905,0.2647,10.9087
78.5,UE-04,157.0,362.1,9.6,-85.427,-4.9,-3.3055,4.0,6.0,71.0,67.0,5.6447,1.1001,0.3181,11.2414
79.0,UE-04,158.0,362.2,9.6,-96.6871,-6.8,-6.6815,2.0,2.0,75.0,70.8,2.8659,0.2358,0.313,14.0049
79.5,UE-04,159.0,362.2,9.5,-80.5672,-4.0,-0.0455,5.0,8.0,66.0,62.3,9.4183,1.4773,0.338,7.8664
80.0,UE-04,160.0,362.4,9.6,-78.8285,-6.0,-1.7019,4.0,6.0,70.0,66.0,7.9646,1.3807,0.3181,9.7805
80.5,UE-04,161.0,362.5,9.6,-83.2163,-4.9,-1.7503,4.0,6.0,71.0,67.0,6.9559,1.8413,0.39,9.225
81.0,UE-04,162.0,362.5,9.6,-99.9768,-7.5,-4.5516,3.0,4.0,63.0,59.4,3.0431,0.5733,0.3294,13.5586
81.5,UE-04,163.0,362.6,9.5,-93.4459,-6.4,-4.3463,3.0,4.0,68.0,64.2,2.5871,0.2649,0.3739,13.1826
82.0,UE-04,164.0,360.5,7.2,-94.9048,-6.9,-4.7175,2.0,2.0,58.0,54.7,2.0158,-0.3536,0.3424,14.2456
82.5,UE-04,165.0,359.1,4.8,-90.0162,-6.1,-5.2481,3.0,4.0,69.0,65.1,6.11,1.379,0.4491,11.4208
83.0,UE-04,166.0,358.2,2.4,-91.7693,-6.0,-2.5389,3.0,4.0,66.0,62.3,4.8941,1.0242,0.4213,11.3066
83.5,UE-04,167.0,358.0,0.1,-99.8567,-6.7,-4.9092,3.0,4.0,56.0,52.8,3.3362,0.3127,0.442,12.983
84.0,UE-04,168.0,356.1,0.0,-90.7433,-6.8,-3.5019,3.0,4.0,60.0,56.6,4.3077,0.277,0.48,11.938
84.5,UE-04,169.0,356.5,2.4,-101.2045,-9.2,-10.0,1.0,0.0,58.0,54.7,1.0463,0.1488,0.5014,18.61
85.0,UE-04,170.0,357.5,4.8,-90.6631,-6.4,-3.9325,3.0,4.0,64.0,60.4,4.5279,0.4926,0.5638,11.3131
85.5,UE-04,171.0,359.2,7.2,-89.9031,-8.3,-4.7578,2.0,2.0,64.0,60.4,3.6035,0.0211,0.5443,14.5562
86.0,UE-04,172.0,361.5,9.6,-87.6836,-6.1,-3.9774,3.0,4.0,66.0,62.3,4.806,0.7745,0.5682,11.341
86.5,UE-04,173.0,361.6,9.6,-88.8003,-5.7,-1.174,4.0,6.0,72.0,67.9,7.8322,1.371,0.5918,10.0264
87.0,UE-04,174.0,361.7,9.6,-88.0136,-5.1,-3.1632,4.0,6.0,64.0,60.4,5.7524,0.5623,0.5539,9.2156
87.5,UE-04,175.0,361.8,9.6,-94.2304,-6.0,-3.8718,3.0,4.0,67.0,63.2,5.0061,1.5597,0.6589,11.8268
88.0,UE-04,176.0,361.9,9.6,-87.6625,-6.2,-4.2052,3.0,4.0,69.0,65.1,5.0241,0.9521,0.6295,11.0852
88.5,UE-04,177.0,362.0,9.6,-90.8666,-5.9,-1.3135,3.0,4.0,67.0,63.2,4.9976,1.371,0.6307,11.3445
89.0,UE-04,178.0,362.1,9.6,-88.1924,-4.9,-4.7981,4.0,6.0,71.0,67.0,5.981,1.4515,0.7305,10.9937
89.5,UE-04,179.0,362.2,9.6,-91.8363,-6.8,-5.9235,2.0,2.0,75.0,70.8,2.5986,0.3606,0.7537,14.5064
90.0,UE-04,180.0,362.2,9.5,-79.018,-4.0,0.8278,5.0,8.0,66.0,62.3,10.3956,2.0348,0.8003,7.8698
90.5,UE-04,181.0,362.4,9.6,-80.3432,-6.0,-1.9361,4.0,6.0,70.0,66.0,7.7995,2.0584,0.7767,10.3141
91.0,UE-04,182.0,362.5,9.6,-87.5432,-4.9,1.1015,4.0,6.0,71.0,67.0,8.4702,2.2444,0.77,9.6714
91.5,UE-04,183.0,362.5,9.6,-96.9462,-7.5,-5.305,3.0,4.0,63.0,59.4,3.0475,0.892,0.786,13.3898
92.0,UE-04,184.0,362.6,9.5,-91.6274,-6.4,-6.8074,3.0,4.0,68.0,64.2,3.3695,0.7264,0.8599,13.3324
92.5,UE-04,185.0,360.5,7.2,-95.2916,-6.9,-5.1584,2.0,2.0,58.0,54.7,2.9604,0.697,0.8475,14.3935
93.0,UE-04,186.0,359.1,4.8,-88.5616,-6.1,-1.3437,3.0,4.0,69.0,65.1,5.4778,1.8196,0.9445,11.6274
93.5,UE-04,187.0,358.2,2.4,-87.7389,-6.0,-3.3106,3.0,4.0,66.0,62.3,4.5623,1.4581,0.95,11.3237
94.0,UE-04,188.0,358.0,0.1,-97.5635,-6.7,-3.1194,3.0,4.0,56.0,52.8,3.2961,0.8245,0.9632,13.6862
94.5,UE-04,189.0,356.1,0.0,-92.0713,-6.8,-3.8248,3.0,4.0,60.0,56.6,4.037,0.7338,0.9798,12.6353
95.0,UE-04,190.0,356.5,2.4,-102.5287,-9.2,-9.2591,1.0,0.0,58.0,54.7,1.3941,0.6529,1.0,18.8024
95.5,UE-04,191.0,357.5,4.8,-91.7748,-6.4,-4.8765,3.0,4.0,64.0,60.4,5.0353,0.531,1.0,12.0196
96.0,UE-04,192.0,359.2,7.2,-91.5808,-8.3,-3.7511,2.0,2.0,64.0,60.4,2.743,0.9386,1.0,15.1468
96.5,UE-04,193.0,361.5,9.6,-88.8314,-6.1,-3.0712,3.0,4.0,66.0,62.3,5.8912,1.3476,1.0,12.2558
97.0,UE-04,194.0,361.6,9.6,-84.1744,-5.7,-0.2769,4.0,6.0,72.0,67.9,8.0586,2.1608,1.0,10.6812
97.5,UE-04,195.0,361.7,9.6,-85.7646,-5.1,0.4652,4.0,6.0,64.0,60.4,8.0312,1.4364,1.0,10.387
98.0,UE-04,196.0,361.8,9.6,-93.0029,-6.0,-2.5927,3.0,4.0,67.0,63.2,4.8141,1.9355,1.0,12.0425
98.5,UE-04,197.0,361.9,9.6,-90.1689,-6.2,-3.2088,3.0,4.0,69.0,65.1,6.104,1.6817,1.0,12.1759
99.0,UE-04,198.0,362.0,9.6,-90.6095,-5.9,-1.8721,3.0,4.0,67.0,63.2,6.4097,1.6793,1.0,12.2308
99.5,UE-04,199.0,362.1,9.6,-85.8308,-4.9,-0.0011,4.0,6.0,71.0,67.0,6.8088,2.2899,1.0,12.0047
100.0,UE-04,200.0,362.2,9.6,-95.4268,-6.8,-4.3153,2.0,2.0,75.0,70.8,3.8001,1.031,1.0,14.9777
100.5,UE-04,201.0,362.2,9.5,-78.4064,-4.0,0.7426,5.0,8.0,66.0,62.3,11.1613,2.5729,1.0,8.9397
101.0,UE-04,202.0,362.4,9.6,-76.6083,-6.0,-0.6357,4.0,6.0,70.0,66.0,7.9702,2.6486,1.0,10.3469
101.5,UE-04,203.0,362.5,9.6,-83.1932,-4.9,-2.693,4.0,6.0,71.0,67.0,7.5608,2.633,1.0,10.3715
102.0,UE-04,204.0,362.5,9.6,-96.2944,-7.5,-5.6929,3.0,4.0,63.0,59.4,3.5893,1.9236,1.0,14.2467
102.5,UE-04,205.0,362.6,9.5,-91.1137,-6.4,-5.0412,3.0,4.0,68.0,64.2,5.5447,1.0042,1.0,14.3337
103.0,UE-04,206.0,360.5,7.2,-92.6925,-6.9,-6.63,2.0,2.0,58.0,54.7,3.6953,1.0667,1.0,15.6768
103.5,UE-04,207.0,359.1,4.8,-90.3616,-6.1,-3.0204,3.0,4.0,69.0,65.1,7.4484,2.6004,1.0,12.017
104.0,UE-04,208.0,358.2,2.4,-88.077,-6.0,-1.848,3.0,4.0,66.0,62.3,5.9437,1.7032,1.0,11.782
104.5,UE-04,209.0,358.0,0.1,-95.8115,-6.7,-1.7164,3.0,4.0,56.0,52.8,4.0113,1.1637,1.0,13.749
105.0,UE-04,210.0,356.1,0.0,-91.5482,-6.8,-3.5522,3.0,4.0,60.0,56.6,5.2844,0.8988,1.0,12.8039
105.5,UE-04,211.0,356.5,2.4,-97.6337,-9.2,-7.5283,1.0,0.0,58.0,54.7,2.0309,0.8694,1.0,19.8074
106.0,UE-04,212.0,357.5,4.8,-89.4563,-6.4,-2.6133,3.0,4.0,64.0,60.4,5.8077,1.2203,1.0,12.7171
106.5,UE-04,213.0,359.2,7.2,-87.3582,-8.3,-5.1197,2.0,2.0,64.0,60.4,4.4073,1.625,1.0,15.7183
107.0,UE-04,214.0,361.5,9.6,-87.5918,-6.1,-1.0752,3.0,4.0,66.0,62.3,5.7002,1.9685,1.0,12.9852
107.5,UE-04,215.0,361.6,9.6,-89.009,-5.7,-0.2161,4.0,6.0,72.0,67.9,8.6977,2.6148,1.0,11.2242
108.0,UE-04,216.0,361.7,9.6,-86.6684,-5.1,-1.1626,4.0,6.0,64.0,60.4,7.7926,1.49,1.0,11.0048
108.5,UE-04,217.0,361.8,9.6,-91.6978,-6.0,-1.1238,3.0,4.0,67.0,63.2,4.8994,2.4584,1.0,12.7147
109.0,UE-04,218.0,361.9,9.6,-90.4184,-6.2,-4.7135,3.0,4.0,69.0,65.1,6.6347,1.6976,1.0,12.652
109.5,UE-04,219.0,362.0,9.6,-91.0815,-5.9,-0.4171,3.0,4.0,67.0,63.2,5.7888,2.3581,1.0,12.2664
110.0,UE-04,220.0,362.1,9.6,-85.7492,-4.9,-2.3016,4.0,6.0,71.0,67.0,6.9253,2.3013,1.0,12.4382
110.5,UE-04,221.0,362.2,9.6,-96.8389,-6.8,-4.312,2.0,2.0,75.0,70.8,3.7771,1.4499,1.0,15.5979
111.0,UE-04,222.0,362.2,9.5,-78.7882,-4.0,0.4322,5.0,8.0,66.0,62.3,11.0783,3.0287,1.0,9.0707
111.5,UE-04,223.0,362.4,9.6,-80.2785,-6.0,0.9634,4.0,6.0,70.0,66.0,8.6526,2.989,1.0,11.0248
112.0,UE-04,224.0,362.5,9.6,-82.8417,-4.9,1.5738,4.0,6.0,71.0,67.0,9.1959,3.1034,1.0,10.5912
112.5,UE-04,225.0,362.5,9.6,-97.526,-7.5,-3.1283,3.0,4.0,63.0,59.4,4.2307,2.1672,1.0,14.5835
113.0,UE-04,226.0,362.6,9.5,-88.511,-6.4,-3.5633,3.0,4.0,68.0,64.2,5.4897,1.9251,1.0,14.6032
113.5,UE-04,227.0,360.5,7.2,-95.0206,-6.9,-4.8141,2.0,2.0,58.0,54.7,4.6276,1.1058,1.0,15.5667
114.0,UE-04,228.0,359.1,4.8,-85.3645,-6.1,-0.7493,3.0,4.0,69.0,65.1,7.688,2.5465,1.0,12.7254
114.5,UE-04,229.0,358.2,2.4,-89.1619,-6.0,-1.0397,3.0,4.0,66.0,62.3,6.0314,2.0463,1.0,11.9911
115.0,UE-04,230.0,358.0,0.1,-99.3199,-6.7,-3.108,3.0,4.0,56.0,52.8,4.1425,1.2382,1.0,14.4979
115.5,UE-04,231.0,356.1,0.0,-89.193,-6.8,-3.7928,3.0,4.0,60.0,56.6,5.2365,1.8787,1.0,13.6465
116.0,UE-04,232.0,356.5,2.4,-100.5484,-9.2,-5.2782,1.0,0.0,58.0,54.7,2.4677,1.4937,1.0,20.0031
116.5,UE-04,233.0,357.5,4.8,-92.5149,-6.4,-3.0192,3.0,4.0,64.0,60.4,6.3347,1.8495,1.0,12.9678
117.0,UE-04,234.0,359.2,7.2,-89.9036,-8.3,-4.1046,2.0,2.0,64.0,60.4,3.9208,1.4742,1.0,16.0529
117.5,UE-04,235.0,361.5,9.6,-88.9108,-6.1,-0.0567,3.0,4.0,66.0,62.3,5.8876,2.0636,1.0,12.7529
118.0,UE-04,236.0,361.6,9.6,-85.4415,-5.7,0.5854,4.0,6.0,72.0,67.9,8.5483,2.8489,1.0,11.1668
118.5,UE-04,237.0,361.7,9.6,-83.8894,-5.1,-0.9446,4.0,6.0,64.0,60.4,8.5479,1.8503,1.0,10.791
119.0,UE-04,238.0,361.8,9.6,-88.4909,-6.0,-0.5745,3.0,4.0,67.0,63.2,6.3922,2.4158,1.0,12.9681
119.5,UE-04,239.0,361.9,9.6,-88.2197,-6.2,-2.3506,3.0,4.0,69.0,65.1,6.651,2.0381,1.0,12.8145
,_metadata,,,,,,,,,,,,,,
,_metadata,,,,,,,,,,,,,,
,_metadata,,,,,,,,,,,,,,
,_metadata,,,,,,,,,,,,,,
